clone_id,env,regime,anc,ref,kk_pop_id,fitness_gain_avg,fitness_gain_sd,env_group_mean,mc_gain,multi_count,single_count,tot_hits,pop_id
A03_A1.1_A12_1,lowP,asexual,0,0,a1.1_A12,-0.14525453034068,0.0223127394108562,-0.06593941004154427,-0.07931512029913573,22,49,71,A03_A1.1_A12
A03_A1.1_A12_1,SC_0.2M_NaCl,asexual,0,0,a1.1_A12,-0.0580908750437219,0.0030816979433412,-0.021914136913430138,-0.03617673813029176,22,49,71,A03_A1.1_A12
A03_A1.1_A12_1,SC_pH7.3,asexual,0,0,a1.1_A12,0.0075048358106973,0.0127442191831183,0.029968819668503028,-0.02246398385780573,22,49,71,A03_A1.1_A12
A03_A1.1_A12_1,SC30C,asexual,0,0,a1.1_A12,-0.0802489655684793,0.0141084764117999,-0.05714336091062842,-0.02310560465785088,22,49,71,A03_A1.1_A12
A03_A1.1_A12_1,SC37C,asexual,0,0,a1.1_A12,-0.0685818112121888,0.0081148654422122,-0.06669518684995192,-0.0018866243622368828,22,49,71,A03_A1.1_A12
A03_A1.1_A12_1,YPD,asexual,0,0,a1.1_A12,-0.0254921203255155,0.0007848458920557,-0.007296789617243259,-0.018195330708272242,22,49,71,A03_A1.1_A12
A03_A1.1_A12_2,lowP,asexual,0,0,a1.1_A12,-0.1219324604823,0.0079122699290664,-0.06593941004154427,-0.055993050440755726,24,51,75,A03_A1.1_A12
A03_A1.1_A12_2,SC_0.2M_NaCl,asexual,0,0,a1.1_A12,-0.0566868862183204,0.0060248431013128,-0.021914136913430138,-0.034772749304890264,24,51,75,A03_A1.1_A12
A03_A1.1_A12_2,SC_pH7.3,asexual,0,0,a1.1_A12,0.0171693285329656,0.0057140057992556,0.029968819668503028,-0.012799491135537428,24,51,75,A03_A1.1_A12
A03_A1.1_A12_2,SC30C,asexual,0,0,a1.1_A12,-0.0725275610303353,0.0041936680999889,-0.05714336091062842,-0.015384200119706877,24,51,75,A03_A1.1_A12
A03_A1.1_A12_2,SC37C,asexual,0,0,a1.1_A12,-0.0997200004742433,0.0032319888703361,-0.06669518684995192,-0.03302481362429138,24,51,75,A03_A1.1_A12
A03_A1.1_A12_2,YPD,asexual,0,0,a1.1_A12,-0.024437074307059,0.0033860868147831,-0.007296789617243259,-0.01714028468981574,24,51,75,A03_A1.1_A12
A04_A3_G12_1,lowP,sexual,0,0,a3_G12,0.0263103468400314,0.0118264299917381,0.004241308982132484,0.022069037857898918,6,12,18,A04_A3_G12
A04_A3_G12_1,SC_0.2M_NaCl,sexual,0,0,a3_G12,-0.0011931638838019,0.011633951687359,0.012973845153084822,-0.014167009036886722,6,12,18,A04_A3_G12
A04_A3_G12_1,SC_pH7.3,sexual,0,0,a3_G12,0.0411678068106822,0.0082287757720325,0.08577456353872868,-0.04460675672804648,6,12,18,A04_A3_G12
A04_A3_G12_1,SC30C,sexual,0,0,a3_G12,-0.0100078754200135,0.0156208318241889,-0.016458419381894417,0.0064505439618809165,6,12,18,A04_A3_G12
A04_A3_G12_1,SC37C,sexual,0,0,a3_G12,0.000392318867775,0.0490693187748477,0.013476052238255685,-0.013083733370480684,6,12,18,A04_A3_G12
A04_A3_G12_1,YPD,sexual,0,0,a3_G12,0.012174094788624,0.0062863251174668,0.006513714805136206,0.005660379983487793,6,12,18,A04_A3_G12
A04_A3_G12_2,lowP,sexual,0,0,a3_G12,0.0343836276051666,0.0154959913111196,0.004241308982132484,0.03014231862303411,10,13,23,A04_A3_G12
A04_A3_G12_2,SC_0.2M_NaCl,sexual,0,0,a3_G12,0.0224266141132846,0.0061450867505905,0.012973845153084822,0.00945276896019978,10,13,23,A04_A3_G12
A04_A3_G12_2,SC_pH7.3,sexual,0,0,a3_G12,0.102355118796444,0.0047489182321904,0.08577456353872868,0.016580555257715318,10,13,23,A04_A3_G12
A04_A3_G12_2,SC30C,sexual,0,0,a3_G12,-0.003500639447036,0.0022840574748314,-0.016458419381894417,0.012957779934858417,10,13,23,A04_A3_G12
A04_A3_G12_2,SC37C,sexual,0,0,a3_G12,-0.0266575830678798,0.0269256279294661,0.013476052238255685,-0.040133635306135486,10,13,23,A04_A3_G12
A04_A3_G12_2,YPD,sexual,0,0,a3_G12,0.0080155019715215,0.0010203081301746,0.006513714805136206,0.0015017871663852937,10,13,23,A04_A3_G12
A05_A1.1_A08_1,lowP,asexual,0,0,a1.1_A08,-0.0123799707779387,0.0107916176805818,-0.06593941004154427,0.05355943926360557,22,30,52,A05_A1.1_A08
A05_A1.1_A08_1,SC_0.2M_NaCl,asexual,0,0,a1.1_A08,0.0080462725675141,0.008315894469773,-0.021914136913430138,0.029960409480944236,22,30,52,A05_A1.1_A08
A05_A1.1_A08_1,SC_pH7.3,asexual,0,0,a1.1_A08,0.0598649252580567,0.0190382370147965,0.029968819668503028,0.029896105589553672,22,30,52,A05_A1.1_A08
A05_A1.1_A08_1,SC30C,asexual,0,0,a1.1_A08,-0.0535932605085478,0.0173411974043824,-0.05714336091062842,0.0035501004020806193,22,30,52,A05_A1.1_A08
A05_A1.1_A08_1,SC37C,asexual,0,0,a1.1_A08,-0.103676264624741,0.0262130727156803,-0.06669518684995192,-0.03698107777478908,22,30,52,A05_A1.1_A08
A05_A1.1_A08_1,YPD,asexual,0,0,a1.1_A08,-0.0069843868720675,0.0005486943899922,-0.007296789617243259,0.0003124027451757586,22,30,52,A05_A1.1_A08
A05_A1.1_A08_2,lowP,asexual,0,0,a1.1_A08,-0.053275883641674,0.0059302443321328,-0.06593941004154427,0.01266352639987027,20,36,56,A05_A1.1_A08
A05_A1.1_A08_2,SC_0.2M_NaCl,asexual,0,0,a1.1_A08,-0.0038381741850614,0.0114435207007638,-0.021914136913430138,0.018075962728368738,20,36,56,A05_A1.1_A08
A05_A1.1_A08_2,SC_pH7.3,asexual,0,0,a1.1_A08,0.0527494851165809,0.0036592108740213,0.029968819668503028,0.022780665448077875,20,36,56,A05_A1.1_A08
A05_A1.1_A08_2,SC30C,asexual,0,0,a1.1_A08,-0.0526040279889078,0.0072275956948111,-0.05714336091062842,0.004539332921720617,20,36,56,A05_A1.1_A08
A05_A1.1_A08_2,SC37C,asexual,0,0,a1.1_A08,-0.117181008555577,0.0549507536314402,-0.06669518684995192,-0.050485821705625086,20,36,56,A05_A1.1_A08
A05_A1.1_A08_2,YPD,asexual,0,0,a1.1_A08,-0.0115362533292305,0.0108716438369864,-0.007296789617243259,-0.0042394637119872415,20,36,56,A05_A1.1_A08
A06_A3_H07_1,lowP,sexual,0,0,a3_H07,0.005855927649201,0.0018713798161383,0.004241308982132484,0.0016146186670685158,4,14,18,A06_A3_H07
A06_A3_H07_1,SC_0.2M_NaCl,sexual,0,0,a3_H07,0.0218486240452076,0.0012169942350991,0.012973845153084822,0.008874778892122777,4,14,18,A06_A3_H07
A06_A3_H07_1,SC_pH7.3,sexual,0,0,a3_H07,0.109053972342578,0.0164503646459761,0.08577456353872868,0.023279408803849322,4,14,18,A06_A3_H07
A06_A3_H07_1,SC30C,sexual,0,0,a3_H07,-0.0154173617057482,0.0040203074958509,-0.016458419381894417,0.0010410576761462169,4,14,18,A06_A3_H07
A06_A3_H07_1,SC37C,sexual,0,0,a3_H07,0.0113658374332893,0.0185996707451984,0.013476052238255685,-0.0021102148049663844,4,14,18,A06_A3_H07
A06_A3_H07_1,YPD,sexual,0,0,a3_H07,-0.0077185375786015,0.001389014094212,0.006513714805136206,-0.014232252383737706,4,14,18,A06_A3_H07
A06_A3_H07_2,lowP,sexual,0,0,a3_H07,0.01879363506428,0.0233213619451381,0.004241308982132484,0.014552326082147517,9,6,15,A06_A3_H07
A06_A3_H07_2,SC_0.2M_NaCl,sexual,0,0,a3_H07,0.0213329972397134,0.0020429357619351,0.012973845153084822,0.00835915208662858,9,6,15,A06_A3_H07
A06_A3_H07_2,SC_pH7.3,sexual,0,0,a3_H07,0.114161120881341,0.0249707896814759,0.08577456353872868,0.02838655734261232,9,6,15,A06_A3_H07
A06_A3_H07_2,SC30C,sexual,0,0,a3_H07,0.0001113285971781,0.0134069277453101,-0.016458419381894417,0.016569747979072517,9,6,15,A06_A3_H07
A06_A3_H07_2,SC37C,sexual,0,0,a3_H07,0.0178408714230971,0.0339337910629104,0.013476052238255685,0.004364819184841415,9,6,15,A06_A3_H07
A06_A3_H07_2,YPD,sexual,0,0,a3_H07,0.0087531740024097,0.0024058612251978,0.006513714805136206,0.0022394591972734936,9,6,15,A06_A3_H07
B03_A3_H06_1,lowP,sexual,0,0,a3_H06,-0.003895479220447,0.0002583000158507,0.004241308982132484,-0.008136788202579483,9,13,22,B03_A3_H06
B03_A3_H06_1,SC_0.2M_NaCl,sexual,0,0,a3_H06,0.0085192277611295,0.0046471323886679,0.012973845153084822,-0.004454617391955322,9,13,22,B03_A3_H06
B03_A3_H06_1,SC_pH7.3,sexual,0,0,a3_H06,0.100159885655355,0.0039109648968845,0.08577456353872868,0.014385322116626312,9,13,22,B03_A3_H06
B03_A3_H06_1,SC30C,sexual,0,0,a3_H06,-0.0108073740284044,0.0044470477001254,-0.016458419381894417,0.005651045353490017,9,13,22,B03_A3_H06
B03_A3_H06_1,SC37C,sexual,0,0,a3_H06,0.0248049954501374,0.0085855233659081,0.013476052238255685,0.011328943211881715,9,13,22,B03_A3_H06
B03_A3_H06_1,YPD,sexual,0,0,a3_H06,0.0014622758583262,0.0020326892273447,0.006513714805136206,-0.005051438946810006,9,13,22,B03_A3_H06
B03_A3_H06_2,lowP,sexual,0,0,a3_H06,-0.0059135111373755,0.0058479199550043,0.004241308982132484,-0.010154820119507984,4,11,15,B03_A3_H06
B03_A3_H06_2,SC_0.2M_NaCl,sexual,0,0,a3_H06,0.0111574310842446,0.0038527197205113,0.012973845153084822,-0.0018164140688402223,4,11,15,B03_A3_H06
B03_A3_H06_2,SC_pH7.3,sexual,0,0,a3_H06,0.0997134108386609,0.0196984695096162,0.08577456353872868,0.013938847299932222,4,11,15,B03_A3_H06
B03_A3_H06_2,SC30C,sexual,0,0,a3_H06,-0.0177841496229374,0.0016114852434471,-0.016458419381894417,-0.0013257302410429814,4,11,15,B03_A3_H06
B03_A3_H06_2,SC37C,sexual,0,0,a3_H06,0.0094653309035673,0.019823266641535,0.013476052238255685,-0.004010721334688385,4,11,15,B03_A3_H06
B03_A3_H06_2,YPD,sexual,0,0,a3_H06,0.0001933380046812,0.0032595750572427,0.006513714805136206,-0.006320376800455006,4,11,15,B03_A3_H06
B04_A1.1_A02_1,lowP,asexual,0,0,a1.1_A02,-0.0129061103433384,0.0148774641871656,-0.06593941004154427,0.053033299698205874,15,24,39,B04_A1.1_A02
B04_A1.1_A02_1,SC_0.2M_NaCl,asexual,0,0,a1.1_A02,-0.0090013496584739,0.0076833433423352,-0.021914136913430138,0.012912787254956239,15,24,39,B04_A1.1_A02
B04_A1.1_A02_1,SC_pH7.3,asexual,0,0,a1.1_A02,0.0881516426375009,0.0134197688364346,0.029968819668503028,0.05818282296899788,15,24,39,B04_A1.1_A02
B04_A1.1_A02_1,SC30C,asexual,0,0,a1.1_A02,-0.0277224045614373,0.0066318064087282,-0.05714336091062842,0.02942095634919112,15,24,39,B04_A1.1_A02
B04_A1.1_A02_1,SC37C,asexual,0,0,a1.1_A02,-0.0103413416134975,0.0033768102688381,-0.06669518684995192,0.05635384523645442,15,24,39,B04_A1.1_A02
B04_A1.1_A02_1,YPD,asexual,0,0,a1.1_A02,-0.0035956260091157,0.0014144373800873,-0.007296789617243259,0.0037011636081275587,15,24,39,B04_A1.1_A02
B04_A1.1_A02_2,lowP,asexual,0,0,a1.1_A02,0.0054387279691967,0.0043989287272274,-0.06593941004154427,0.07137813801074097,7,20,27,B04_A1.1_A02
B04_A1.1_A02_2,SC_0.2M_NaCl,asexual,0,0,a1.1_A02,0.0088673474095346,0.0038544500330419,-0.021914136913430138,0.030781484322964736,7,20,27,B04_A1.1_A02
B04_A1.1_A02_2,SC_pH7.3,asexual,0,0,a1.1_A02,0.0815389633869831,0.0113923731558592,0.029968819668503028,0.05157014371848008,7,20,27,B04_A1.1_A02
B04_A1.1_A02_2,SC30C,asexual,0,0,a1.1_A02,-0.0260002949535306,0.0056810826337175,-0.05714336091062842,0.03114306595709782,7,20,27,B04_A1.1_A02
B04_A1.1_A02_2,SC37C,asexual,0,0,a1.1_A02,-0.0841933043604733,0.0153677149110628,-0.06669518684995192,-0.017498117510521383,7,20,27,B04_A1.1_A02
B04_A1.1_A02_2,YPD,asexual,0,0,a1.1_A02,-0.007134128067243,0.0025089212651782,-0.007296789617243259,0.0001626615500002586,7,20,27,B04_A1.1_A02
B05_A1.1_G01_1,SC_0.2M_NaCl,asexual,0,0,a1.1_G01,-0.0967191184303534,0.0545853398166953,-0.021914136913430138,-0.07480498151692326,17,40,57,B05_A1.1_G01
B05_A1.1_G01_1,SC_pH7.3,asexual,0,0,a1.1_G01,-0.0905617723078981,0.0101375144715642,0.029968819668503028,-0.12053059197640112,17,40,57,B05_A1.1_G01
B05_A1.1_G01_1,SC30C,asexual,0,0,a1.1_G01,-0.10498560676461,0.0267366299616701,-0.05714336091062842,-0.04784224585398158,17,40,57,B05_A1.1_G01
B05_A1.1_G01_1,SC37C,asexual,0,0,a1.1_G01,-0.124867134930542,0.0218274623371265,-0.06669518684995192,-0.05817194808059008,17,40,57,B05_A1.1_G01
B05_A1.1_G01_1,YPD,asexual,0,0,a1.1_G01,-0.018603058490624,0.00090536163723,-0.007296789617243259,-0.01130626887338074,17,40,57,B05_A1.1_G01
B05_A1.1_G01_2,lowP,asexual,0,0,a1.1_G01,-0.0511979841702837,0.0207895779898829,-0.06593941004154427,0.014741425871260573,24,47,71,B05_A1.1_G01
B05_A1.1_G01_2,SC_0.2M_NaCl,asexual,0,0,a1.1_G01,-0.0050664926139754,0.0039438776054639,-0.021914136913430138,0.016847644299454737,24,47,71,B05_A1.1_G01
B05_A1.1_G01_2,SC_pH7.3,asexual,0,0,a1.1_G01,-0.0207581601993006,0.0090370989585736,0.029968819668503028,-0.050726979867803626,24,47,71,B05_A1.1_G01
B05_A1.1_G01_2,SC30C,asexual,0,0,a1.1_G01,-0.0523221906604263,0.0152420609754971,-0.05714336091062842,0.004821170250202116,24,47,71,B05_A1.1_G01
B05_A1.1_G01_2,SC37C,asexual,0,0,a1.1_G01,-0.0852857592453853,0.0060701377485019,-0.06669518684995192,-0.01859057239543338,24,47,71,B05_A1.1_G01
B05_A1.1_G01_2,YPD,asexual,0,0,a1.1_G01,-0.0135541846180205,0.0018328647071411,-0.007296789617243259,-0.006257395000777241,24,47,71,B05_A1.1_G01
C03_A3_H11_1,lowP,sexual,0,0,a3_H11,0.0075855879574351,0.0035367952487644,0.004241308982132484,0.0033442789753026165,11,8,19,C03_A3_H11
C03_A3_H11_1,SC_0.2M_NaCl,sexual,0,0,a3_H11,0.0259893787569582,0.0004193939366308,0.012973845153084822,0.01301553360387338,11,8,19,C03_A3_H11
C03_A3_H11_1,SC_pH7.3,sexual,0,0,a3_H11,0.093104818411876,0.0308941804513816,0.08577456353872868,0.007330254873147313,11,8,19,C03_A3_H11
C03_A3_H11_1,SC30C,sexual,0,0,a3_H11,-0.0027160483242644,0.0037809834578345,-0.016458419381894417,0.013742371057630017,11,8,19,C03_A3_H11
C03_A3_H11_1,SC37C,sexual,0,0,a3_H11,0.0619979136427009,0.0315158352798271,0.013476052238255685,0.04852186140444521,11,8,19,C03_A3_H11
C03_A3_H11_1,YPD,sexual,0,0,a3_H11,0.0165706790281779,0.0007766112681047,0.006513714805136206,0.010056964223041693,11,8,19,C03_A3_H11
C03_A3_H11_2,lowP,sexual,0,0,a3_H11,0.0044385233385298,0.0095024484656497,0.004241308982132484,0.00019721435639731642,11,5,16,C03_A3_H11
C03_A3_H11_2,SC_0.2M_NaCl,sexual,0,0,a3_H11,0.0196873119187524,0.0043949391238054,0.012973845153084822,0.0067134667656675775,11,5,16,C03_A3_H11
C03_A3_H11_2,SC_pH7.3,sexual,0,0,a3_H11,0.105640738795273,0.0279045555784336,0.08577456353872868,0.019866175256544313,11,5,16,C03_A3_H11
C03_A3_H11_2,SC30C,sexual,0,0,a3_H11,-0.009017993577481,0.0039235508902178,-0.016458419381894417,0.007440425804413417,11,5,16,C03_A3_H11
C03_A3_H11_2,SC37C,sexual,0,0,a3_H11,0.0265399073666895,0.0070549169011619,0.013476052238255685,0.013063855128433815,11,5,16,C03_A3_H11
C03_A3_H11_2,YPD,sexual,0,0,a3_H11,0.0147101222356621,0.0014422854180127,0.006513714805136206,0.008196407430525894,11,5,16,C03_A3_H11
C05_A1.1_A09_1,lowP,asexual,0,0,a1.1_A09,-0.0924070305429937,0.0106594678918441,-0.06593941004154427,-0.026467620501449435,20,32,52,C05_A1.1_A09
C05_A1.1_A09_1,SC_0.2M_NaCl,asexual,0,0,a1.1_A09,-0.0214828043681444,0.0199343427110608,-0.021914136913430138,0.00043133254528573625,20,32,52,C05_A1.1_A09
C05_A1.1_A09_1,SC_pH7.3,asexual,0,0,a1.1_A09,-0.0507397298940366,0.0017739198416319,0.029968819668503028,-0.08070854956253963,20,32,52,C05_A1.1_A09
C05_A1.1_A09_1,SC30C,asexual,0,0,a1.1_A09,-0.0633095207240048,0.0175955055264814,-0.05714336091062842,-0.006166159813376378,20,32,52,C05_A1.1_A09
C05_A1.1_A09_1,SC37C,asexual,0,0,a1.1_A09,-0.0637135919095073,0.0076190431774088,-0.06669518684995192,0.002981594940444615,20,32,52,C05_A1.1_A09
C05_A1.1_A09_1,YPD,asexual,0,0,a1.1_A09,-0.0022280190035264,0.0082480093126421,-0.007296789617243259,0.005068770613716859,20,32,52,C05_A1.1_A09
C05_A1.1_A09_2,lowP,asexual,0,0,a1.1_A09,-0.0876661068569052,0.0034306255767879,-0.06593941004154427,-0.02172669681536092,23,39,62,C05_A1.1_A09
C05_A1.1_A09_2,SC_0.2M_NaCl,asexual,0,0,a1.1_A09,-0.0316491456165524,0.0440464237161657,-0.021914136913430138,-0.009735008703122265,23,39,62,C05_A1.1_A09
C05_A1.1_A09_2,SC_pH7.3,asexual,0,0,a1.1_A09,-0.029856398714199,0.0232031749373258,0.029968819668503028,-0.05982521838270203,23,39,62,C05_A1.1_A09
C05_A1.1_A09_2,SC30C,asexual,0,0,a1.1_A09,-0.0433539564473319,0.0312169470117425,-0.05714336091062842,0.013789404463296517,23,39,62,C05_A1.1_A09
C05_A1.1_A09_2,SC37C,asexual,0,0,a1.1_A09,-0.0646597332770588,0.0069480104391351,-0.06669518684995192,0.0020354535728931145,23,39,62,C05_A1.1_A09
C05_A1.1_A09_2,YPD,asexual,0,0,a1.1_A09,0.0119170233053151,0.0111604395151661,-0.007296789617243259,0.01921381292255836,23,39,62,C05_A1.1_A09
C06_A1.1_A10_1,lowP,asexual,0,0,a1.1_A10,-0.11213238125474,0.0482120603767112,-0.06593941004154427,-0.046192971213195724,16,57,73,C06_A1.1_A10
C06_A1.1_A10_1,SC_0.2M_NaCl,asexual,0,0,a1.1_A10,-0.0751873929031959,0.0404415434177246,-0.021914136913430138,-0.05327325598976576,16,57,73,C06_A1.1_A10
C06_A1.1_A10_1,SC_pH7.3,asexual,0,0,a1.1_A10,0.0105989064441337,0.0056703110020136,0.029968819668503028,-0.019369913224369328,16,57,73,C06_A1.1_A10
C06_A1.1_A10_1,SC30C,asexual,0,0,a1.1_A10,-0.135391197708224,0.0168895037248641,-0.05714336091062842,-0.07824783679759559,16,57,73,C06_A1.1_A10
C06_A1.1_A10_1,SC37C,asexual,0,0,a1.1_A10,-0.0797685530118433,0.0305600638379866,-0.06669518684995192,-0.013073366161891378,16,57,73,C06_A1.1_A10
C06_A1.1_A10_1,YPD,asexual,0,0,a1.1_A10,-0.025164236837811,0.0067816082844246,-0.007296789617243259,-0.017867447220567743,16,57,73,C06_A1.1_A10
C06_A1.1_A10_2,lowP,asexual,0,0,a1.1_A10,-0.11381469170331,0.013239623825634,-0.06593941004154427,-0.04787528166176573,22,53,75,C06_A1.1_A10
C06_A1.1_A10_2,SC_0.2M_NaCl,asexual,0,0,a1.1_A10,-0.0226327996101714,0.0135579004007983,-0.021914136913430138,-0.0007186626967412638,22,53,75,C06_A1.1_A10
C06_A1.1_A10_2,SC_pH7.3,asexual,0,0,a1.1_A10,0.0184422913394408,0.0149183716880925,0.029968819668503028,-0.011526528329062227,22,53,75,C06_A1.1_A10
C06_A1.1_A10_2,SC30C,asexual,0,0,a1.1_A10,-0.10810837614158,0.0107318771507314,-0.05714336091062842,-0.05096501523095159,22,53,75,C06_A1.1_A10
C06_A1.1_A10_2,SC37C,asexual,0,0,a1.1_A10,-0.101214868568875,0.0293732397918804,-0.06669518684995192,-0.034519681718923084,22,53,75,C06_A1.1_A10
C06_A1.1_A10_2,YPD,asexual,0,0,a1.1_A10,-0.0265190059803345,0.0003350094099953,-0.007296789617243259,-0.01922221636309124,22,53,75,C06_A1.1_A10
D02_A1.1_A05_2,SC_0.2M_NaCl,asexual,0,0,a1.1_A05,-0.0060057090101944,0.010599445813925,-0.021914136913430138,0.01590842790323574,12,10,22,D02_A1.1_A05
D02_A1.1_A05_2,SC_pH7.3,asexual,0,0,a1.1_A05,0.0613086551278168,0.0090751437481924,0.029968819668503028,0.03133983545931378,12,10,22,D02_A1.1_A05
D02_A1.1_A05_2,SC30C,asexual,0,0,a1.1_A05,-0.0307100343324933,0.0189015669549464,-0.05714336091062842,0.026433326578135116,12,10,22,D02_A1.1_A05
D02_A1.1_A05_2,SC37C,asexual,0,0,a1.1_A05,-0.0836104061055368,0.0056626173264813,-0.06669518684995192,-0.016915219255584882,12,10,22,D02_A1.1_A05
D02_A1.1_A05_2,YPD,asexual,0,0,a1.1_A05,-0.0071734591028785,0.0020351413832422,-0.007296789617243259,0.00012333051436475874,12,10,22,D02_A1.1_A05
D03_A3_B12_1,lowP,sexual,0,0,a3_B12,0.0108639845370665,0.0033530332190607,0.004241308982132484,0.006622675554934017,9,7,16,D03_A3_B12
D03_A3_B12_1,SC_0.2M_NaCl,sexual,0,0,a3_B12,-0.0017134985352809,0.0060779569542317,0.012973845153084822,-0.014687343688365722,9,7,16,D03_A3_B12
D03_A3_B12_1,SC_pH7.3,sexual,0,0,a3_B12,0.0874921072708054,0.0138201385610203,0.08577456353872868,0.0017175437320767206,9,7,16,D03_A3_B12
D03_A3_B12_1,SC30C,sexual,0,0,a3_B12,-0.0285776713338703,0.001860959975162,-0.016458419381894417,-0.012119251951975881,9,7,16,D03_A3_B12
D03_A3_B12_1,SC37C,sexual,0,0,a3_B12,0.0127334863927378,0.0437927771248263,0.013476052238255685,-0.0007425658455178855,9,7,16,D03_A3_B12
D03_A3_B12_1,YPD,sexual,0,0,a3_B12,0.0002135878447619,0.0026261972599904,0.006513714805136206,-0.006300126960374307,9,7,16,D03_A3_B12
D03_A3_B12_2,lowP,sexual,0,0,a3_B12,0.000710654297624,0.0037884786172856,0.004241308982132484,-0.003530654684508484,13,13,26,D03_A3_B12
D03_A3_B12_2,SC_0.2M_NaCl,sexual,0,0,a3_B12,0.0156871553283985,0.0040482068288628,0.012973845153084822,0.0027133101753136785,13,13,26,D03_A3_B12
D03_A3_B12_2,SC_pH7.3,sexual,0,0,a3_B12,0.0822474927616908,0.0037403284020893,0.08577456353872868,-0.0035270707770378856,13,13,26,D03_A3_B12
D03_A3_B12_2,SC30C,sexual,0,0,a3_B12,-0.0380027004608558,0.0156038179368213,-0.016458419381894417,-0.02154428107896138,13,13,26,D03_A3_B12
D03_A3_B12_2,SC37C,sexual,0,0,a3_B12,0.0381414759794219,0.0181218321445248,0.013476052238255685,0.024665423741166214,13,13,26,D03_A3_B12
D03_A3_B12_2,YPD,sexual,0,0,a3_B12,0.0085494651029404,0.0028580849609956,0.006513714805136206,0.002035750297804194,13,13,26,D03_A3_B12
D05_A1.1_C12_1,lowP,asexual,0,0,a1.1_C12,-0.0432849846268404,0.0031139531641871,-0.06593941004154427,0.022654425414703874,10,27,37,D05_A1.1_C12
D05_A1.1_C12_1,SC_0.2M_NaCl,asexual,0,0,a1.1_C12,0.0137805553651352,0.0201492825868098,-0.021914136913430138,0.03569469227856534,10,27,37,D05_A1.1_C12
D05_A1.1_C12_1,SC_pH7.3,asexual,0,0,a1.1_C12,0.0513270363078241,0.0043789857282825,0.029968819668503028,0.02135821663932107,10,27,37,D05_A1.1_C12
D05_A1.1_C12_1,SC30C,asexual,0,0,a1.1_C12,-0.0429834288675433,0.0048309950622233,-0.05714336091062842,0.014159932043085119,10,27,37,D05_A1.1_C12
D05_A1.1_C12_1,SC37C,asexual,0,0,a1.1_C12,-0.0965721622870533,0.0005807644779431,-0.06669518684995192,-0.029876975437101383,10,27,37,D05_A1.1_C12
D05_A1.1_C12_1,YPD,asexual,0,0,a1.1_C12,-0.0033399698201113,0.0022830314896809,-0.007296789617243259,0.003956819797131959,10,27,37,D05_A1.1_C12
D05_A1.1_C12_2,lowP,asexual,0,0,a1.1_C12,-0.0494036253112591,0.0085296869293273,-0.06593941004154427,0.01653578473028517,12,26,38,D05_A1.1_C12
D05_A1.1_C12_2,SC_0.2M_NaCl,asexual,0,0,a1.1_C12,0.0070029621852321,0.0100656385237862,-0.021914136913430138,0.02891709909866224,12,26,38,D05_A1.1_C12
D05_A1.1_C12_2,SC_pH7.3,asexual,0,0,a1.1_C12,-0.002351587138467,0.000288722421826,0.029968819668503028,-0.03232040680697003,12,26,38,D05_A1.1_C12
D05_A1.1_C12_2,SC30C,asexual,0,0,a1.1_C12,-0.0489536745516918,0.0006635535255867,-0.05714336091062842,0.008189686358936618,12,26,38,D05_A1.1_C12
D05_A1.1_C12_2,SC37C,asexual,0,0,a1.1_C12,-0.0817161138263003,0.0005869659973666,-0.06669518684995192,-0.015020926976348381,12,26,38,D05_A1.1_C12
D05_A1.1_C12_2,YPD,asexual,0,0,a1.1_C12,-0.0052699643222491,0.0021838145178833,-0.007296789617243259,0.0020268252949941588,12,26,38,D05_A1.1_C12
D06_A1.1_H11_1,lowP,asexual,0,0,a1.1_H11,-0.0234725765856825,0.0138347510219338,-0.06593941004154427,0.042466833455861774,13,14,27,D06_A1.1_H11
D06_A1.1_H11_1,SC_0.2M_NaCl,asexual,0,0,a1.1_H11,0.0259817606833057,0.005761722980465,-0.021914136913430138,0.047895897596735834,13,14,27,D06_A1.1_H11
D06_A1.1_H11_1,SC_pH7.3,asexual,0,0,a1.1_H11,0.0705533938292457,0.0198571954103796,0.029968819668503028,0.04058457416074268,13,14,27,D06_A1.1_H11
D06_A1.1_H11_1,SC30C,asexual,0,0,a1.1_H11,-0.0231629376038349,0.0010995921382292,-0.05714336091062842,0.03398042330679352,13,14,27,D06_A1.1_H11
D06_A1.1_H11_1,SC37C,asexual,0,0,a1.1_H11,-0.0219035706677703,0.0105212472275646,-0.06669518684995192,0.044791616182181616,13,14,27,D06_A1.1_H11
D06_A1.1_H11_1,YPD,asexual,0,0,a1.1_H11,0.0059712036522919,0.0021071495196527,-0.007296789617243259,0.013267993269535159,13,14,27,D06_A1.1_H11
D06_A1.1_H11_2,lowP,asexual,0,0,a1.1_H11,-0.0180502092418142,0.0039547164409117,-0.06593941004154427,0.04788920079973007,11,15,26,D06_A1.1_H11
D06_A1.1_H11_2,SC_0.2M_NaCl,asexual,0,0,a1.1_H11,0.0069611076460761,0.0091021220890218,-0.021914136913430138,0.028875244559506238,11,15,26,D06_A1.1_H11
D06_A1.1_H11_2,SC_pH7.3,asexual,0,0,a1.1_H11,0.0592656677361743,0.0126902073055124,0.029968819668503028,0.029296848067671275,11,15,26,D06_A1.1_H11
D06_A1.1_H11_2,SC30C,asexual,0,0,a1.1_H11,-0.019702909472494,0.0001246884444831,-0.05714336091062842,0.03744045143813442,11,15,26,D06_A1.1_H11
D06_A1.1_H11_2,SC37C,asexual,0,0,a1.1_H11,-0.0161480047417741,0.0114319485738846,-0.06669518684995192,0.05054718210817782,11,15,26,D06_A1.1_H11
D06_A1.1_H11_2,YPD,asexual,0,0,a1.1_H11,-0.0094210943649845,0.0004297388853591,-0.007296789617243259,-0.002124304747741242,11,15,26,D06_A1.1_H11
E03_A3_H03_1,lowP,sexual,0,0,a3_H03,-0.0469103753191794,0.0126308192473992,0.004241308982132484,-0.05115168430131189,9,8,17,E03_A3_H03
E03_A3_H03_1,SC_0.2M_NaCl,sexual,0,0,a3_H03,0.0124815323272153,0.0140589149405701,0.012973845153084822,-0.000492312825869522,9,8,17,E03_A3_H03
E03_A3_H03_1,SC_pH7.3,sexual,0,0,a3_H03,0.0683071608790668,0.0169646737972271,0.08577456353872868,-0.017467402659661888,9,8,17,E03_A3_H03
E03_A3_H03_1,SC30C,sexual,0,0,a3_H03,-0.0303651848024593,0.0007546618430001,-0.016458419381894417,-0.013906765420564883,9,8,17,E03_A3_H03
E03_A3_H03_1,SC37C,sexual,0,0,a3_H03,-0.0152209908562255,0.006209811033704,0.013476052238255685,-0.028697043094481185,9,8,17,E03_A3_H03
E03_A3_H03_1,YPD,sexual,0,0,a3_H03,0.0170039178321108,0.0002736443429031,0.006513714805136206,0.010490203026974594,9,8,17,E03_A3_H03
E03_A3_H03_2,lowP,sexual,0,0,a3_H03,-0.0326647542027861,0.0007522423871736,0.004241308982132484,-0.03690606318491858,10,8,18,E03_A3_H03
E03_A3_H03_2,SC_0.2M_NaCl,sexual,0,0,a3_H03,0.0030940297707936,0.0079957652456308,0.012973845153084822,-0.009879815382291223,10,8,18,E03_A3_H03
E03_A3_H03_2,SC_pH7.3,sexual,0,0,a3_H03,0.0817780579772545,0.0189486553146754,0.08577456353872868,-0.003996505561474184,10,8,18,E03_A3_H03
E03_A3_H03_2,SC30C,sexual,0,0,a3_H03,-0.025111687614154,0.013153414594462,-0.016458419381894417,-0.008653268232259582,10,8,18,E03_A3_H03
E03_A3_H03_2,SC37C,sexual,0,0,a3_H03,0.0039243319897007,0.0173841127396376,0.013476052238255685,-0.009551720248554985,10,8,18,E03_A3_H03
E03_A3_H03_2,YPD,sexual,0,0,a3_H03,0.017121798823596,0.0007145613923657,0.006513714805136206,0.010608084018459795,10,8,18,E03_A3_H03
E04_A3_G01_1,lowP,sexual,0,0,a3_G01,0.0200723719226376,0.0038019265197964,0.004241308982132484,0.015831062940505118,4,6,10,E04_A3_G01
E04_A3_G01_1,SC_0.2M_NaCl,sexual,0,0,a3_G01,-0.0084472003310664,0.005536184843112,0.012973845153084822,-0.021421045484151222,4,6,10,E04_A3_G01
E04_A3_G01_1,SC_pH7.3,sexual,0,0,a3_G01,0.0679832043939003,0.0170248721244946,0.08577456353872868,-0.017791359144828378,4,6,10,E04_A3_G01
E04_A3_G01_1,SC30C,sexual,0,0,a3_G01,-0.0082963667969745,0.0098741948669442,-0.016458419381894417,0.008162052584919918,4,6,10,E04_A3_G01
E04_A3_G01_1,SC37C,sexual,0,0,a3_G01,0.0062651788433846,0.0154612532295528,0.013476052238255685,-0.007210873394871085,4,6,10,E04_A3_G01
E04_A3_G01_1,YPD,sexual,0,0,a3_G01,0.0120578547025632,0.0057786235297302,0.006513714805136206,0.005544139897426994,4,6,10,E04_A3_G01
E04_A3_G01_2,lowP,sexual,0,0,a3_G01,0.015919801630573,0.0049632452545969,0.004241308982132484,0.011678492648440517,6,10,16,E04_A3_G01
E04_A3_G01_2,SC_0.2M_NaCl,sexual,0,0,a3_G01,0.0086237687424241,0.0003770429662764,0.012973845153084822,-0.004350076410660722,6,10,16,E04_A3_G01
E04_A3_G01_2,SC_pH7.3,sexual,0,0,a3_G01,0.0892888054511253,0.0022579704908637,0.08577456353872868,0.003514241912396618,6,10,16,E04_A3_G01
E04_A3_G01_2,SC30C,sexual,0,0,a3_G01,-0.0011345434233426,0.0023461354702618,-0.016458419381894417,0.015323875958551817,6,10,16,E04_A3_G01
E04_A3_G01_2,SC37C,sexual,0,0,a3_G01,0.0195028879274965,0.0301511825952598,0.013476052238255685,0.006026835689240815,6,10,16,E04_A3_G01
E04_A3_G01_2,YPD,sexual,0,0,a3_G01,0.0081048972328171,0.0009240402663233,0.006513714805136206,0.0015911824276808942,6,10,16,E04_A3_G01
E05_A1.1_H01_1,lowP,asexual,0,0,a1.1_H01,-0.0452410380618572,0.0034741655089084,-0.06593941004154427,0.020698371979687075,13,19,32,E05_A1.1_H01
E05_A1.1_H01_1,SC_0.2M_NaCl,asexual,0,0,a1.1_H01,-0.0203418098629989,0.0071202286634464,-0.021914136913430138,0.0015723270504312374,13,19,32,E05_A1.1_H01
E05_A1.1_H01_1,SC_pH7.3,asexual,0,0,a1.1_H01,0.0453101984549969,0.0057712713376934,0.029968819668503028,0.01534137878649387,13,19,32,E05_A1.1_H01
E05_A1.1_H01_1,SC30C,asexual,0,0,a1.1_H01,-0.0430459582836203,1.6019876115242e-05,-0.05714336091062842,0.014097402627008114,13,19,32,E05_A1.1_H01
E05_A1.1_H01_1,SC37C,asexual,0,0,a1.1_H01,-0.0195922573236863,0.0018383192990354,-0.06669518684995192,0.047102929526265616,13,19,32,E05_A1.1_H01
E05_A1.1_H01_1,YPD,asexual,0,0,a1.1_H01,0.0039163660146446,0.0052463026844187,-0.007296789617243259,0.011213155631887859,13,19,32,E05_A1.1_H01
E05_A1.1_H01_2,lowP,asexual,0,0,a1.1_H01,-0.0475006217881818,0.0072187536612369,-0.06593941004154427,0.018438788253362474,13,16,29,E05_A1.1_H01
E05_A1.1_H01_2,SC_0.2M_NaCl,asexual,0,0,a1.1_H01,-0.0157791700669704,0.0065506953816069,-0.021914136913430138,0.006134966846459738,13,16,29,E05_A1.1_H01
E05_A1.1_H01_2,SC_pH7.3,asexual,0,0,a1.1_H01,0.0513257859456921,0.0132204834759617,0.029968819668503028,0.021356966277189072,13,16,29,E05_A1.1_H01
E05_A1.1_H01_2,SC30C,asexual,0,0,a1.1_H01,-0.0402558069580343,0.0047339992119224,-0.05714336091062842,0.016887553952594114,13,16,29,E05_A1.1_H01
E05_A1.1_H01_2,SC37C,asexual,0,0,a1.1_H01,-0.0257541437651569,0.0082588561368534,-0.06669518684995192,0.040941043084795015,13,16,29,E05_A1.1_H01
E05_A1.1_H01_2,YPD,asexual,0,0,a1.1_H01,-0.0066906306546843,0.0024520805091896,-0.007296789617243259,0.0006061589625589586,13,16,29,E05_A1.1_H01
E06_A1.1_H05_1,lowP,asexual,0,0,a1.1_H05,-0.0837220026296612,0.0147819439871652,-0.06593941004154427,-0.01778259258811693,19,44,63,E06_A1.1_H05
E06_A1.1_H05_1,SC_0.2M_NaCl,asexual,0,0,a1.1_H05,-0.0213310034113664,0.0030572855463896,-0.021914136913430138,0.0005831335020637374,19,44,63,E06_A1.1_H05
E06_A1.1_H05_1,SC_pH7.3,asexual,0,0,a1.1_H05,0.0378196960878156,0.0038669666884442,0.029968819668503028,0.007850876419312574,19,44,63,E06_A1.1_H05
E06_A1.1_H05_1,SC30C,asexual,0,0,a1.1_H05,-0.0517801603109278,0.0024163737811568,-0.05714336091062842,0.005363200599700614,19,44,63,E06_A1.1_H05
E06_A1.1_H05_1,SC37C,asexual,0,0,a1.1_H05,-0.0793479294246783,0.002451654526664,-0.06669518684995192,-0.012652742574726386,19,44,63,E06_A1.1_H05
E06_A1.1_H05_1,YPD,asexual,0,0,a1.1_H05,-0.002791825481832,0.0101970632292766,-0.007296789617243259,0.004504964135411259,19,44,63,E06_A1.1_H05
E06_A1.1_H05_2,lowP,asexual,0,0,a1.1_H05,-0.08714833773341,0.0213363006797425,-0.06593941004154427,-0.021208927691865734,22,43,65,E06_A1.1_H05
E06_A1.1_H05_2,SC_0.2M_NaCl,asexual,0,0,a1.1_H05,0.0014073773918246,0.0093235145902093,-0.021914136913430138,0.023321514305254736,22,43,65,E06_A1.1_H05
E06_A1.1_H05_2,SC_pH7.3,asexual,0,0,a1.1_H05,0.033316443613383,0.0221514433322235,0.029968819668503028,0.0033476239448799704,22,43,65,E06_A1.1_H05
E06_A1.1_H05_2,SC30C,asexual,0,0,a1.1_H05,-0.0600321163429988,0.0088974423326815,-0.05714336091062842,-0.0028887554323703823,22,43,65,E06_A1.1_H05
E06_A1.1_H05_2,SC37C,asexual,0,0,a1.1_H05,-0.0991837770346233,0.0037641181828221,-0.06669518684995192,-0.03248859018467139,22,43,65,E06_A1.1_H05
E06_A1.1_H05_2,YPD,asexual,0,0,a1.1_H05,-0.01235896195054,0.0116048378544508,-0.007296789617243259,-0.005062172333296742,22,43,65,E06_A1.1_H05
F02_A1.1_A11_1,lowP,asexual,0,0,a1.1_A11,-0.117362658665095,0.0173346494925333,-0.06593941004154427,-0.05142324862355073,18,43,61,F02_A1.1_A11
F02_A1.1_A11_1,SC_0.2M_NaCl,asexual,0,0,a1.1_A11,-0.0372068004618064,0.0103113813556317,-0.021914136913430138,-0.015292663548376259,18,43,61,F02_A1.1_A11
F02_A1.1_A11_1,SC_pH7.3,asexual,0,0,a1.1_A11,0.0394689300926891,0.0249935857579687,0.029968819668503028,0.00950011042418607,18,43,61,F02_A1.1_A11
F02_A1.1_A11_1,SC30C,asexual,0,0,a1.1_A11,-0.0838988435031268,0.0221395659071053,-0.05714336091062842,-0.026755482592498388,18,43,61,F02_A1.1_A11
F02_A1.1_A11_1,SC37C,asexual,0,0,a1.1_A11,-0.0853349730590143,0.0210288099753229,-0.06669518684995192,-0.018639786209062384,18,43,61,F02_A1.1_A11
F02_A1.1_A11_1,YPD,asexual,0,0,a1.1_A11,-0.0148106539862655,0.0044750080244488,-0.007296789617243259,-0.007513864369022241,18,43,61,F02_A1.1_A11
F02_A1.1_A11_2,lowP,asexual,0,0,a1.1_A11,-0.06432605878435,0.0046068943469484,-0.06593941004154427,0.0016133512571942787,21,38,59,F02_A1.1_A11
F02_A1.1_A11_2,SC_0.2M_NaCl,asexual,0,0,a1.1_A11,-0.0529162381072799,0.017213188702287,-0.021914136913430138,-0.03100210119384976,21,38,59,F02_A1.1_A11
F02_A1.1_A11_2,SC_pH7.3,asexual,0,0,a1.1_A11,0.0066498317679389,0.002190554816371,0.029968819668503028,-0.02331898790056413,21,38,59,F02_A1.1_A11
F02_A1.1_A11_2,SC30C,asexual,0,0,a1.1_A11,-0.0624167079520953,0.0082477192265509,-0.05714336091062842,-0.005273347041466883,21,38,59,F02_A1.1_A11
F02_A1.1_A11_2,SC37C,asexual,0,0,a1.1_A11,-0.0876316419951513,0.0084995357736281,-0.06669518684995192,-0.020936455145199387,21,38,59,F02_A1.1_A11
F02_A1.1_A11_2,YPD,asexual,0,0,a1.1_A11,-0.0042387975058242,0.0024677069573355,-0.007296789617243259,0.0030579921114190587,21,38,59,F02_A1.1_A11
F03_A3_H04_1,lowP,sexual,0,0,a3_H04,0.0222391715569446,0.0092123237555926,0.004241308982132484,0.017997862574812118,13,10,23,F03_A3_H04
F03_A3_H04_1,SC_0.2M_NaCl,sexual,0,0,a3_H04,0.0145198681406408,0.0022210626425687,0.012973845153084822,0.0015460229875559773,13,10,23,F03_A3_H04
F03_A3_H04_1,SC_pH7.3,sexual,0,0,a3_H04,0.102250695214048,0.017117162273282,0.08577456353872868,0.01647613167531932,13,10,23,F03_A3_H04
F03_A3_H04_1,SC30C,sexual,0,0,a3_H04,-0.0071791701759184,0.0088457688275949,-0.016458419381894417,0.009279249205976017,13,10,23,F03_A3_H04
F03_A3_H04_1,SC37C,sexual,0,0,a3_H04,0.0325541031096737,0.0125266183608471,0.013476052238255685,0.019078050871418017,13,10,23,F03_A3_H04
F03_A3_H04_1,YPD,sexual,0,0,a3_H04,-0.0019385438897095,0.0019976428032879,0.006513714805136206,-0.008452258694845706,13,10,23,F03_A3_H04
F03_A3_H04_2,lowP,sexual,0,0,a3_H04,0.0164831050028863,0.0018742864760045,0.004241308982132484,0.012241796020753816,10,5,15,F03_A3_H04
F03_A3_H04_2,SC_0.2M_NaCl,sexual,0,0,a3_H04,0.0125230080114015,0.0041991246965044,0.012973845153084822,-0.00045083714168332213,10,5,15,F03_A3_H04
F03_A3_H04_2,SC_pH7.3,sexual,0,0,a3_H04,0.0777009641067009,0.0035648461180786,0.08577456353872868,-0.00807359943202779,10,5,15,F03_A3_H04
F03_A3_H04_2,SC30C,sexual,0,0,a3_H04,-0.0017166979189968,0.0067727202331524,-0.016458419381894417,0.014741721462897617,10,5,15,F03_A3_H04
F03_A3_H04_2,SC37C,sexual,0,0,a3_H04,0.0423044286084841,0.026938122757597,0.013476052238255685,0.028828376370228417,10,5,15,F03_A3_H04
F03_A3_H04_2,YPD,sexual,0,0,a3_H04,0.0074906077478629,0.0016637289616792,0.006513714805136206,0.0009768929427266936,10,5,15,F03_A3_H04
F04_A3_B01_1,lowP,sexual,0,0,a3_B01,-0.015737185519842,0.0063860305490739,0.004241308982132484,-0.019978494501974482,6,8,14,F04_A3_B01
F04_A3_B01_1,SC_0.2M_NaCl,sexual,0,0,a3_B01,-0.0173119261949774,0.0052308711697526,0.012973845153084822,-0.03028577134806222,6,8,14,F04_A3_B01
F04_A3_B01_1,SC_pH7.3,sexual,0,0,a3_B01,0.0332601777850949,0.0053863778870111,0.08577456353872868,-0.052514385753633784,6,8,14,F04_A3_B01
F04_A3_B01_1,SC30C,sexual,0,0,a3_B01,-0.0359394866681633,0.0081597922976808,-0.016458419381894417,-0.019481067286268885,6,8,14,F04_A3_B01
F04_A3_B01_1,SC37C,sexual,0,0,a3_B01,-0.0123640133484841,0.0114717358757405,0.013476052238255685,-0.025840065586739784,6,8,14,F04_A3_B01
F04_A3_B01_1,YPD,sexual,0,0,a3_B01,-0.0002607321045885,0.0004871139772012,0.006513714805136206,-0.006774446909724706,6,8,14,F04_A3_B01
F04_A3_B01_2,lowP,sexual,0,0,a3_B01,-0.0093445134646966,0.0047666020930578,0.004241308982132484,-0.013585822446829083,8,10,18,F04_A3_B01
F04_A3_B01_2,SC_0.2M_NaCl,sexual,0,0,a3_B01,-0.0208241569239324,0.0351704411212941,0.012973845153084822,-0.03379800207701722,8,10,18,F04_A3_B01
F04_A3_B01_2,SC_pH7.3,sexual,0,0,a3_B01,0.0213956959507673,0.0059859399624273,0.08577456353872868,-0.06437886758796138,8,10,18,F04_A3_B01
F04_A3_B01_2,SC30C,sexual,0,0,a3_B01,-0.0491711399269478,0.0089236802658517,-0.016458419381894417,-0.03271272054505338,8,10,18,F04_A3_B01
F04_A3_B01_2,SC37C,sexual,0,0,a3_B01,-0.0213261329731755,0.0243327626654968,0.013476052238255685,-0.034802185211431184,8,10,18,F04_A3_B01
F04_A3_B01_2,YPD,sexual,0,0,a3_B01,-0.0016656201071908,0.0003843157919593,0.006513714805136206,-0.008179334912327006,8,10,18,F04_A3_B01
F05_A3_H05_1,lowP,sexual,0,0,a3_H05,0.0145743120215963,0.0074782605555767,0.004241308982132484,0.010333003039463816,8,8,16,F05_A3_H05
F05_A3_H05_1,SC_0.2M_NaCl,sexual,0,0,a3_H05,0.0234738926904818,0.0036843237076702,0.012973845153084822,0.010500047537396978,8,8,16,F05_A3_H05
F05_A3_H05_1,SC_pH7.3,sexual,0,0,a3_H05,0.0975184644179158,0.0059304845239872,0.08577456353872868,0.011743900879187114,8,8,16,F05_A3_H05
F05_A3_H05_1,SC30C,sexual,0,0,a3_H05,-0.0125533560968655,0.0068697782954252,-0.016458419381894417,0.0039050632850289174,8,8,16,F05_A3_H05
F05_A3_H05_1,SC37C,sexual,0,0,a3_H05,0.0402696812222245,0.0200895595986886,0.013476052238255685,0.026793628983968813,8,8,16,F05_A3_H05
F05_A3_H05_1,YPD,sexual,0,0,a3_H05,0.0110457770268065,0.0149091190806261,0.006513714805136206,0.004532062221670293,8,8,16,F05_A3_H05
F05_A3_H05_2,SC_0.2M_NaCl,sexual,0,0,a3_H05,0.0321960031499889,0.0093934728134495,0.012973845153084822,0.019222157996904077,6,9,15,F05_A3_H05
F05_A3_H05_2,SC_pH7.3,sexual,0,0,a3_H05,0.119045891682136,0.0086392174675715,0.08577456353872868,0.03327132814340732,6,9,15,F05_A3_H05
F05_A3_H05_2,SC30C,sexual,0,0,a3_H05,-0.0295027882228348,0.0003620950063567,-0.016458419381894417,-0.013044368840940384,6,9,15,F05_A3_H05
F05_A3_H05_2,SC37C,sexual,0,0,a3_H05,0.0435197379059501,0.016508069067774,0.013476052238255685,0.030043685667694418,6,9,15,F05_A3_H05
F05_A3_H05_2,YPD,sexual,0,0,a3_H05,0.0011420786207349,0.0041445974784077,0.006513714805136206,-0.005371636184401306,6,9,15,F05_A3_H05
F06_A3_A11_1,lowP,sexual,0,0,a3_A11,0.0107477587313734,0.0067686749186494,0.004241308982132484,0.006506449749240917,7,11,18,F06_A3_A11
F06_A3_A11_1,SC_0.2M_NaCl,sexual,0,0,a3_A11,0.0289904753428188,0.0042973180354756,0.012973845153084822,0.016016630189733976,7,11,18,F06_A3_A11
F06_A3_A11_1,SC_pH7.3,sexual,0,0,a3_A11,0.098099024704692,0.021157319041006,0.08577456353872868,0.012324461165963321,7,11,18,F06_A3_A11
F06_A3_A11_1,SC30C,sexual,0,0,a3_A11,-0.0138427218058168,0.0024467456543062,-0.016458419381894417,0.002615697576077618,7,11,18,F06_A3_A11
F06_A3_A11_1,SC37C,sexual,0,0,a3_A11,0.0053993994008406,0.0208087637755982,0.013476052238255685,-0.008076652837415085,7,11,18,F06_A3_A11
F06_A3_A11_1,YPD,sexual,0,0,a3_A11,0.000550024028427,0.006955165940389,0.006513714805136206,-0.005963690776709206,7,11,18,F06_A3_A11
F06_A3_A11_2,lowP,sexual,0,0,a3_A11,0.015621080356949,0.0161270565134743,0.004241308982132484,0.011379771374816517,9,6,15,F06_A3_A11
F06_A3_A11_2,SC_0.2M_NaCl,sexual,0,0,a3_A11,0.0278189701539093,0.0116774558462028,0.012973845153084822,0.014845125000824478,9,6,15,F06_A3_A11
F06_A3_A11_2,SC_pH7.3,sexual,0,0,a3_A11,0.103367178639371,0.0159470140128346,0.08577456353872868,0.01759261510064232,9,6,15,F06_A3_A11
F06_A3_A11_2,SC30C,sexual,0,0,a3_A11,-0.0041171067404793,0.0008734891463963,-0.016458419381894417,0.012341312641415117,9,6,15,F06_A3_A11
F06_A3_A11_2,SC37C,sexual,0,0,a3_A11,0.0074910636306413,0.0293630886255464,0.013476052238255685,-0.005984988607614385,9,6,15,F06_A3_A11
F06_A3_A11_2,YPD,sexual,0,0,a3_A11,0.0108609198350655,0.0068162003164271,0.006513714805136206,0.004347205029929293,9,6,15,F06_A3_A11
G02_A1.1_H02_1,lowP,asexual,0,0,a1.1_H02,-0.0426062962187008,0.0026710437679254,-0.06593941004154427,0.02333311382284347,12,18,30,G02_A1.1_H02
G02_A1.1_H02_1,SC_0.2M_NaCl,asexual,0,0,a1.1_H02,-0.0129688930130989,0.0005255784241103,-0.021914136913430138,0.008945243900331239,12,18,30,G02_A1.1_H02
G02_A1.1_H02_1,SC_pH7.3,asexual,0,0,a1.1_H02,0.0681879239137985,0.0160348989550375,0.029968819668503028,0.03821910424529548,12,18,30,G02_A1.1_H02
G02_A1.1_H02_1,SC30C,asexual,0,0,a1.1_H02,-0.0367071089481228,0.0002183332861796,-0.05714336091062842,0.02043625196250562,12,18,30,G02_A1.1_H02
G02_A1.1_H02_1,SC37C,asexual,0,0,a1.1_H02,-0.022036227261929,0.0023091028623963,-0.06669518684995192,0.04465895958802292,12,18,30,G02_A1.1_H02
G02_A1.1_H02_1,YPD,asexual,0,0,a1.1_H02,0.0067904226327105,0.0007323339145349,-0.007296789617243259,0.014087212249953759,12,18,30,G02_A1.1_H02
G02_A1.1_H02_2,lowP,asexual,0,0,a1.1_H02,-0.0109392393320716,0.010319415322993,-0.06593941004154427,0.055000170709472676,18,38,56,G02_A1.1_H02
G02_A1.1_H02_2,SC_0.2M_NaCl,asexual,0,0,a1.1_H02,-0.0263038120905064,0.010369548014579,-0.021914136913430138,-0.0043896751770762625,18,38,56,G02_A1.1_H02
G02_A1.1_H02_2,SC_pH7.3,asexual,0,0,a1.1_H02,0.0298455628351809,0.0123847646516984,0.029968819668503028,-0.00012325683332212872,18,38,56,G02_A1.1_H02
G02_A1.1_H02_2,SC30C,asexual,0,0,a1.1_H02,-0.0133128889372279,0.0284464007870247,-0.05714336091062842,0.043830471973400516,18,38,56,G02_A1.1_H02
G02_A1.1_H02_2,SC37C,asexual,0,0,a1.1_H02,-0.0072999084260587,0.0123144810719898,-0.06669518684995192,0.059395278423893215,18,38,56,G02_A1.1_H02
G02_A1.1_H02_2,YPD,asexual,0,0,a1.1_H02,0.0083928772541164,0.0007987723886204,-0.007296789617243259,0.01568966687135966,18,38,56,G02_A1.1_H02
G03_A1.1_B12_2,lowP,asexual,0,0,a1.1_B12,-0.0581124283794753,0.0058037143175688,-0.06593941004154427,0.007826981662068973,23,52,75,G03_A1.1_B12
G03_A1.1_B12_2,SC_0.2M_NaCl,asexual,0,0,a1.1_B12,-0.0106125486642789,0.0198726218733824,-0.021914136913430138,0.011301588249151237,23,52,75,G03_A1.1_B12
G03_A1.1_B12_2,SC_pH7.3,asexual,0,0,a1.1_B12,0.0414806999222552,0.0212947689470351,0.029968819668503028,0.01151188025375217,23,52,75,G03_A1.1_B12
G03_A1.1_B12_2,SC30C,asexual,0,0,a1.1_B12,-0.0573891350129065,0.0167809167469837,-0.05714336091062842,-0.000245774102278086,23,52,75,G03_A1.1_B12
G03_A1.1_B12_2,SC37C,asexual,0,0,a1.1_B12,-0.0842897338883238,0.0210467120546439,-0.06669518684995192,-0.017594547038371877,23,52,75,G03_A1.1_B12
G03_A1.1_B12_2,YPD,asexual,0,0,a1.1_B12,-0.0086879014719424,0.0030733337545061,-0.007296789617243259,-0.0013911118546991409,23,52,75,G03_A1.1_B12
G04_A3_H09_1,lowP,sexual,0,0,a3_H09,0.0121595987951893,0.0132877731631987,0.004241308982132484,0.007918289813056817,5,5,10,G04_A3_H09
G04_A3_H09_1,SC_0.2M_NaCl,sexual,0,0,a3_H09,0.0222125713031471,0.0028425559903204,0.012973845153084822,0.00923872615006228,5,5,10,G04_A3_H09
G04_A3_H09_1,SC_pH7.3,sexual,0,0,a3_H09,0.0858676769409247,0.0218283804406505,0.08577456353872868,9.311340219601838e-05,5,5,10,G04_A3_H09
G04_A3_H09_1,SC30C,sexual,0,0,a3_H09,-0.0172904818089896,0.0049776670124987,-0.016458419381894417,-0.0008320624270951836,5,5,10,G04_A3_H09
G04_A3_H09_1,SC37C,sexual,0,0,a3_H09,0.0260873339549954,0.0362050617293085,0.013476052238255685,0.012611281716739715,5,5,10,G04_A3_H09
G04_A3_H09_1,YPD,sexual,0,0,a3_H09,0.0049732285538448,0.0015455973020365,0.006513714805136206,-0.0015404862512914059,5,5,10,G04_A3_H09
G04_A3_H09_2,lowP,sexual,0,0,a3_H09,0.0096986868962887,0.0027093406087615,0.004241308982132484,0.005457377914156215,4,3,7,G04_A3_H09
G04_A3_H09_2,SC_0.2M_NaCl,sexual,0,0,a3_H09,0.0184318670112407,0.0085576194442787,0.012973845153084822,0.005458021858155878,4,3,7,G04_A3_H09
G04_A3_H09_2,SC_pH7.3,sexual,0,0,a3_H09,0.105262865098068,0.0106059339349046,0.08577456353872868,0.01948830155933931,4,3,7,G04_A3_H09
G04_A3_H09_2,SC30C,sexual,0,0,a3_H09,-0.0203159483913134,0.0025403527619836,-0.016458419381894417,-0.0038575290094189814,4,3,7,G04_A3_H09
G04_A3_H09_2,SC37C,sexual,0,0,a3_H09,0.0126650885865897,0.0211820945352087,0.013476052238255685,-0.0008109636516659847,4,3,7,G04_A3_H09
G04_A3_H09_2,YPD,sexual,0,0,a3_H09,0.0039417281585831,0.0009182851153197,0.006513714805136206,-0.0025719866465531063,4,3,7,G04_A3_H09
G05_A1.1_E12_1,lowP,asexual,0,0,a1.1_E12,-0.0393331665628627,0.0020758649038162,-0.06593941004154427,0.026606243478681575,9,19,28,G05_A1.1_E12
G05_A1.1_E12_1,SC_0.2M_NaCl,asexual,0,0,a1.1_E12,-0.0239996650688744,0.0055332305817967,-0.021914136913430138,-0.0020855281554442613,9,19,28,G05_A1.1_E12
G05_A1.1_E12_1,SC_pH7.3,asexual,0,0,a1.1_E12,0.0587380736842496,0.0084714156031806,0.029968819668503028,0.028769254015746575,9,19,28,G05_A1.1_E12
G05_A1.1_E12_1,SC30C,asexual,0,0,a1.1_E12,-0.026862871077928,0.0058712093721978,-0.05714336091062842,0.030280489832700416,9,19,28,G05_A1.1_E12
G05_A1.1_E12_1,SC37C,asexual,0,0,a1.1_E12,0.0006611752746901,0.000305376024838,-0.06669518684995192,0.06735636212464202,9,19,28,G05_A1.1_E12
G05_A1.1_E12_1,YPD,asexual,0,0,a1.1_E12,0.0094759091894724,0.0034636617642876,-0.007296789617243259,0.01677269880671566,9,19,28,G05_A1.1_E12
G06_A3_E01_1,lowP,sexual,0,0,a3_E01,0.0251761487817552,0.0054435321676779,0.004241308982132484,0.02093483979962272,6,14,20,G06_A3_E01
G06_A3_E01_1,SC_0.2M_NaCl,sexual,0,0,a3_E01,-0.0116352825000409,0.0023137715643221,0.012973845153084822,-0.02460912765312572,6,14,20,G06_A3_E01
G06_A3_E01_1,SC_pH7.3,sexual,0,0,a3_E01,0.059653686380702,0.007899408696457,0.08577456353872868,-0.026120877158026683,6,14,20,G06_A3_E01
G06_A3_E01_1,SC30C,sexual,0,0,a3_E01,-0.0271653746714853,0.002035957739502,-0.016458419381894417,-0.010706955289590883,6,14,20,G06_A3_E01
G06_A3_E01_1,SC37C,sexual,0,0,a3_E01,0.0112345755767961,0.0212105107436995,0.013476052238255685,-0.002241476661459584,6,14,20,G06_A3_E01
G06_A3_E01_1,YPD,sexual,0,0,a3_E01,-0.0102585157632115,0.0053839918134085,0.006513714805136206,-0.016772230568347708,6,14,20,G06_A3_E01
G06_A3_E01_2,lowP,sexual,0,0,a3_E01,0.003175961596432,0.0183506530146141,0.004241308982132484,-0.001065347385700484,5,15,20,G06_A3_E01
G06_A3_E01_2,SC_0.2M_NaCl,sexual,0,0,a3_E01,0.038064772621348,0.0135499912383497,0.012973845153084822,0.025090927468263177,5,15,20,G06_A3_E01
G06_A3_E01_2,SC_pH7.3,sexual,0,0,a3_E01,0.0708718797197042,0.0018104922462072,0.08577456353872868,-0.014902683819024487,5,15,20,G06_A3_E01
G06_A3_E01_2,SC30C,sexual,0,0,a3_E01,-0.0207660117559299,0.0097573050174049,-0.016458419381894417,-0.004307592374035482,5,15,20,G06_A3_E01
G06_A3_E01_2,SC37C,sexual,0,0,a3_E01,0.0177096233406362,0.0134507542730093,0.013476052238255685,0.004233571102380516,5,15,20,G06_A3_E01
G06_A3_E01_2,YPD,sexual,0,0,a3_E01,0.0038618468279134,0.0123990178536694,0.006513714805136206,-0.002651867977222806,5,15,20,G06_A3_E01
H04_A3_A02_1,lowP,sexual,0,0,a3_A02,0.0057629474305476,0.0052059280721686,0.004241308982132484,0.0015216384484151163,7,12,19,H04_A3_A02
H04_A3_A02_1,SC_0.2M_NaCl,sexual,0,0,a3_A02,0.0239302719944722,0.0149996503299291,0.012973845153084822,0.010956426841387376,7,12,19,H04_A3_A02
H04_A3_A02_1,SC_pH7.3,sexual,0,0,a3_A02,0.0989285486970878,0.0039632777453932,0.08577456353872868,0.01315398515835911,7,12,19,H04_A3_A02
H04_A3_A02_1,SC30C,sexual,0,0,a3_A02,-0.0170934498030936,0.0008453428886865,-0.016458419381894417,-0.0006350304211991814,7,12,19,H04_A3_A02
H04_A3_A02_1,SC37C,sexual,0,0,a3_A02,0.0212198499222884,0.02097019477943,0.013476052238255685,0.007743797684032716,7,12,19,H04_A3_A02
H04_A3_A02_1,YPD,sexual,0,0,a3_A02,0.0009928529927893,0.0033319907870603,0.006513714805136206,-0.005520861812346906,7,12,19,H04_A3_A02
H04_A3_A02_2,lowP,sexual,0,0,a3_A02,0.0093502036140621,0.002912395499422,0.004241308982132484,0.0051088946319296155,7,14,21,H04_A3_A02
H04_A3_A02_2,SC_0.2M_NaCl,sexual,0,0,a3_A02,0.0069827131294285,0.0034370681948877,0.012973845153084822,-0.005991132023656322,7,14,21,H04_A3_A02
H04_A3_A02_2,SC_pH7.3,sexual,0,0,a3_A02,0.100508836176811,8.25179229237814e-05,0.08577456353872868,0.014734272638082316,7,14,21,H04_A3_A02
H04_A3_A02_2,SC30C,sexual,0,0,a3_A02,0.0010161470427741,0.0009159244927131,-0.016458419381894417,0.017474566424668516,7,14,21,H04_A3_A02
H04_A3_A02_2,SC37C,sexual,0,0,a3_A02,0.0125701368015542,0.0132807707699716,0.013476052238255685,-0.0009059154367014842,7,14,21,H04_A3_A02
H04_A3_A02_2,YPD,sexual,0,0,a3_A02,0.0049568811187496,0.0023757134310527,0.006513714805136206,-0.001556833686386606,7,14,21,H04_A3_A02
H05_A1.1_D12_1,lowP,asexual,0,0,a1.1_D12,-0.0675823872680097,0.007588395310453,-0.06593941004154427,-0.0016429772264654335,18,28,46,H05_A1.1_D12
H05_A1.1_D12_1,SC_0.2M_NaCl,asexual,0,0,a1.1_D12,-0.0055956177634649,0.0057881236603039,-0.021914136913430138,0.016318519149965238,18,28,46,H05_A1.1_D12
H05_A1.1_D12_1,SC_pH7.3,asexual,0,0,a1.1_D12,0.050649142552124,0.010511352562309,0.029968819668503028,0.020680322883620973,18,28,46,H05_A1.1_D12
H05_A1.1_D12_1,SC30C,asexual,0,0,a1.1_D12,-0.0445223459754988,0.0045018321658774,-0.05714336091062842,0.01262101493512962,18,28,46,H05_A1.1_D12
H05_A1.1_D12_1,SC37C,asexual,0,0,a1.1_D12,-0.0968314316879788,0.008818371052839,-0.06669518684995192,-0.030136244838026877,18,28,46,H05_A1.1_D12
H05_A1.1_D12_1,YPD,asexual,0,0,a1.1_D12,0.001405877494512,0.0063129674663438,-0.007296789617243259,0.008702667111755259,18,28,46,H05_A1.1_D12
H05_A1.1_D12_2,lowP,asexual,0,0,a1.1_D12,-0.0995475651170677,0.0207956490133135,-0.06593941004154427,-0.03360815507552342,23,30,53,H05_A1.1_D12
H05_A1.1_D12_2,SC_0.2M_NaCl,asexual,0,0,a1.1_D12,-0.0277373265937644,0.0043536349482109,-0.021914136913430138,-0.005823189680334261,23,30,53,H05_A1.1_D12
H05_A1.1_D12_2,SC_pH7.3,asexual,0,0,a1.1_D12,0.0249208156329662,0.0094971467163725,0.029968819668503028,-0.005048004035536829,23,30,53,H05_A1.1_D12
H05_A1.1_D12_2,SC30C,asexual,0,0,a1.1_D12,-0.0690039999700443,0.0029076011540366,-0.05714336091062842,-0.011860639059415888,23,30,53,H05_A1.1_D12
H05_A1.1_D12_2,SC37C,asexual,0,0,a1.1_D12,-0.0777766214909398,0.0068236837539936,-0.06669518684995192,-0.011081434640987889,23,30,53,H05_A1.1_D12
H05_A1.1_D12_2,YPD,asexual,0,0,a1.1_D12,-0.0050788202918391,0.0085648281811833,-0.007296789617243259,0.0022179693254041587,23,30,53,H05_A1.1_D12
