"","sample_id","env","regime","anc","ref","kk_pop_id","fitness_gain_avg","fitness_gain_sd"
"1","A03_a1.1_A12_1","lowP","asexual",0,0,"a1.1_A12",-0.14525453034068,0.0223127394108562
"2","A03_a1.1_A12_1","SC_0.2M_NaCl","asexual",0,0,"a1.1_A12",-0.0580908750437219,0.0030816979433412
"3","A03_a1.1_A12_1","SC_pH7.3","asexual",0,0,"a1.1_A12",0.00750483581069734,0.0127442191831183
"4","A03_a1.1_A12_1","SC30C","asexual",0,0,"a1.1_A12",-0.0802489655684793,0.0141084764117999
"5","A03_a1.1_A12_1","SC37C","asexual",0,0,"a1.1_A12",-0.0685818112121888,0.00811486544221223
"6","A03_a1.1_A12_1","YPD","asexual",0,0,"a1.1_A12",-0.0254921203255155,0.000784845892055725
"7","A03_a1.1_A12_2","lowP","asexual",0,0,"a1.1_A12",-0.1219324604823,0.00791226992906642
"8","A03_a1.1_A12_2","SC_0.2M_NaCl","asexual",0,0,"a1.1_A12",-0.0566868862183204,0.00602484310131284
"9","A03_a1.1_A12_2","SC_pH7.3","asexual",0,0,"a1.1_A12",0.0171693285329656,0.00571400579925562
"10","A03_a1.1_A12_2","SC30C","asexual",0,0,"a1.1_A12",-0.0725275610303353,0.00419366809998891
"11","A03_a1.1_A12_2","SC37C","asexual",0,0,"a1.1_A12",-0.0997200004742433,0.00323198887033615
"12","A03_a1.1_A12_2","YPD","asexual",0,0,"a1.1_A12",-0.024437074307059,0.00338608681478311
"13","A04_a3_G12_1","lowP","sexual",0,0,"a3_G12",0.0263103468400314,0.0118264299917381
"14","A04_a3_G12_1","SC_0.2M_NaCl","sexual",0,0,"a3_G12",-0.0011931638838019,0.011633951687359
"15","A04_a3_G12_1","SC_pH7.3","sexual",0,0,"a3_G12",0.0411678068106822,0.00822877577203253
"16","A04_a3_G12_1","SC30C","sexual",0,0,"a3_G12",-0.0100078754200135,0.0156208318241889
"17","A04_a3_G12_1","SC37C","sexual",0,0,"a3_G12",0.000392318867775007,0.0490693187748477
"18","A04_a3_G12_1","YPD","sexual",0,0,"a3_G12",0.012174094788624,0.0062863251174668
"19","A04_a3_G12_2","lowP","sexual",0,0,"a3_G12",0.0343836276051666,0.0154959913111196
"20","A04_a3_G12_2","SC_0.2M_NaCl","sexual",0,0,"a3_G12",0.0224266141132846,0.00614508675059052
"21","A04_a3_G12_2","SC_pH7.3","sexual",0,0,"a3_G12",0.102355118796444,0.00474891823219047
"22","A04_a3_G12_2","SC30C","sexual",0,0,"a3_G12",-0.003500639447036,0.00228405747483148
"23","A04_a3_G12_2","SC37C","sexual",0,0,"a3_G12",-0.0266575830678798,0.0269256279294661
"24","A04_a3_G12_2","YPD","sexual",0,0,"a3_G12",0.00801550197152159,0.00102030813017469
"25","A05_a1.1_A08_1","lowP","asexual",0,0,"a1.1_A08",-0.0123799707779387,0.0107916176805818
"26","A05_a1.1_A08_1","SC_0.2M_NaCl","asexual",0,0,"a1.1_A08",0.0080462725675141,0.00831589446977301
"27","A05_a1.1_A08_1","SC_pH7.3","asexual",0,0,"a1.1_A08",0.0598649252580567,0.0190382370147965
"28","A05_a1.1_A08_1","SC30C","asexual",0,0,"a1.1_A08",-0.0535932605085478,0.0173411974043824
"29","A05_a1.1_A08_1","SC37C","asexual",0,0,"a1.1_A08",-0.103676264624741,0.0262130727156803
"30","A05_a1.1_A08_1","YPD","asexual",0,0,"a1.1_A08",-0.00698438687206756,0.000548694389992276
"31","A05_a1.1_A08_2","lowP","asexual",0,0,"a1.1_A08",-0.053275883641674,0.00593024433213285
"32","A05_a1.1_A08_2","SC_0.2M_NaCl","asexual",0,0,"a1.1_A08",-0.0038381741850614,0.0114435207007638
"33","A05_a1.1_A08_2","SC_pH7.3","asexual",0,0,"a1.1_A08",0.0527494851165809,0.00365921087402133
"34","A05_a1.1_A08_2","SC30C","asexual",0,0,"a1.1_A08",-0.0526040279889078,0.00722759569481113
"35","A05_a1.1_A08_2","SC37C","asexual",0,0,"a1.1_A08",-0.117181008555577,0.0549507536314402
"36","A05_a1.1_A08_2","YPD","asexual",0,0,"a1.1_A08",-0.0115362533292305,0.0108716438369864
"37","A06_a3_H07_1","lowP","sexual",0,0,"a3_H07",0.00585592764920109,0.00187137981613837
"38","A06_a3_H07_1","SC_0.2M_NaCl","sexual",0,0,"a3_H07",0.0218486240452076,0.00121699423509915
"39","A06_a3_H07_1","SC_pH7.3","sexual",0,0,"a3_H07",0.109053972342578,0.0164503646459761
"40","A06_a3_H07_1","SC30C","sexual",0,0,"a3_H07",-0.0154173617057482,0.00402030749585092
"41","A06_a3_H07_1","SC37C","sexual",0,0,"a3_H07",0.0113658374332893,0.0185996707451984
"42","A06_a3_H07_1","YPD","sexual",0,0,"a3_H07",-0.0077185375786015,0.00138901409421202
"43","A06_a3_H07_2","lowP","sexual",0,0,"a3_H07",0.01879363506428,0.0233213619451381
"44","A06_a3_H07_2","SC_0.2M_NaCl","sexual",0,0,"a3_H07",0.0213329972397134,0.00204293576193513
"45","A06_a3_H07_2","SC_pH7.3","sexual",0,0,"a3_H07",0.114161120881341,0.0249707896814759
"46","A06_a3_H07_2","SC30C","sexual",0,0,"a3_H07",0.000111328597178155,0.0134069277453101
"47","A06_a3_H07_2","SC37C","sexual",0,0,"a3_H07",0.0178408714230971,0.0339337910629104
"48","A06_a3_H07_2","YPD","sexual",0,0,"a3_H07",0.00875317400240974,0.00240586122519783
"49","B03_a3_H06_1","lowP","sexual",0,0,"a3_H06",-0.00389547922044701,0.000258300015850704
"50","B03_a3_H06_1","SC_0.2M_NaCl","sexual",0,0,"a3_H06",0.00851922776112959,0.0046471323886679
"51","B03_a3_H06_1","SC_pH7.3","sexual",0,0,"a3_H06",0.100159885655355,0.00391096489688452
"52","B03_a3_H06_1","SC30C","sexual",0,0,"a3_H06",-0.0108073740284044,0.0044470477001254
"53","B03_a3_H06_1","SC37C","sexual",0,0,"a3_H06",0.0248049954501374,0.0085855233659081
"54","B03_a3_H06_1","YPD","sexual",0,0,"a3_H06",0.00146227585832629,0.00203268922734475
"55","B03_a3_H06_2","lowP","sexual",0,0,"a3_H06",-0.00591351113737551,0.00584791995500431
"56","B03_a3_H06_2","SC_0.2M_NaCl","sexual",0,0,"a3_H06",0.0111574310842446,0.00385271972051135
"57","B03_a3_H06_2","SC_pH7.3","sexual",0,0,"a3_H06",0.0997134108386609,0.0196984695096162
"58","B03_a3_H06_2","SC30C","sexual",0,0,"a3_H06",-0.0177841496229374,0.00161148524344718
"59","B03_a3_H06_2","SC37C","sexual",0,0,"a3_H06",0.00946533090356736,0.019823266641535
"60","B03_a3_H06_2","YPD","sexual",0,0,"a3_H06",0.000193338004681236,0.00325957505724272
"61","B04_a1.1_A02_1","lowP","asexual",0,0,"a1.1_A02",-0.0129061103433384,0.0148774641871656
"62","B04_a1.1_A02_1","SC_0.2M_NaCl","asexual",0,0,"a1.1_A02",-0.00900134965847391,0.00768334334233528
"63","B04_a1.1_A02_1","SC_pH7.3","asexual",0,0,"a1.1_A02",0.0881516426375009,0.0134197688364346
"64","B04_a1.1_A02_1","SC30C","asexual",0,0,"a1.1_A02",-0.0277224045614373,0.00663180640872823
"65","B04_a1.1_A02_1","SC37C","asexual",0,0,"a1.1_A02",-0.0103413416134975,0.00337681026883814
"66","B04_a1.1_A02_1","YPD","asexual",0,0,"a1.1_A02",-0.00359562600911571,0.00141443738008736
"67","B04_a1.1_A02_2","lowP","asexual",0,0,"a1.1_A02",0.00543872796919679,0.00439892872722743
"68","B04_a1.1_A02_2","SC_0.2M_NaCl","asexual",0,0,"a1.1_A02",0.0088673474095346,0.00385445003304199
"69","B04_a1.1_A02_2","SC_pH7.3","asexual",0,0,"a1.1_A02",0.0815389633869831,0.0113923731558592
"70","B04_a1.1_A02_2","SC30C","asexual",0,0,"a1.1_A02",-0.0260002949535306,0.00568108263371759
"71","B04_a1.1_A02_2","SC37C","asexual",0,0,"a1.1_A02",-0.0841933043604733,0.0153677149110628
"72","B04_a1.1_A02_2","YPD","asexual",0,0,"a1.1_A02",-0.00713412806724306,0.00250892126517821
"73","B05_a1.1_G01_1","lowP","asexual",0,0,"a1.1_G01",-0.214506491888847,0.0258300316423274
"74","B05_a1.1_G01_1","SC_0.2M_NaCl","asexual",0,0,"a1.1_G01",-0.0967191184303534,0.0545853398166953
"75","B05_a1.1_G01_1","SC_pH7.3","asexual",0,0,"a1.1_G01",-0.0905617723078981,0.0101375144715642
"76","B05_a1.1_G01_1","SC30C","asexual",0,0,"a1.1_G01",-0.10498560676461,0.0267366299616701
"77","B05_a1.1_G01_1","SC37C","asexual",0,0,"a1.1_G01",-0.124867134930542,0.0218274623371265
"78","B05_a1.1_G01_1","YPD","asexual",0,0,"a1.1_G01",-0.018603058490624,0.000905361637230005
"79","B05_a1.1_G01_2","lowP","asexual",0,0,"a1.1_G01",-0.0511979841702837,0.0207895779898829
"80","B05_a1.1_G01_2","SC_0.2M_NaCl","asexual",0,0,"a1.1_G01",-0.0050664926139754,0.0039438776054639
"81","B05_a1.1_G01_2","SC_pH7.3","asexual",0,0,"a1.1_G01",-0.0207581601993006,0.0090370989585736
"82","B05_a1.1_G01_2","SC30C","asexual",0,0,"a1.1_G01",-0.0523221906604263,0.0152420609754971
"83","B05_a1.1_G01_2","SC37C","asexual",0,0,"a1.1_G01",-0.0852857592453853,0.0060701377485019
"84","B05_a1.1_G01_2","YPD","asexual",0,0,"a1.1_G01",-0.0135541846180205,0.00183286470714116
"85","C02_a3_A03_1","lowP","sexual",0,0,"a3_A03",-0.0516376325378753,0.00511493897459794
"86","C02_a3_A03_1","SC_0.2M_NaCl","sexual",0,0,"a3_A03",0.0058859497179111,0.00685298217764847
"87","C02_a3_A03_1","SC_pH7.3","sexual",0,0,"a3_A03",0.0911816912062103,0.00444109237050215
"88","C02_a3_A03_1","SC30C","sexual",0,0,"a3_A03",-0.0269983704102103,8.92619932720073e-05
"89","C02_a3_A03_1","SC37C","sexual",0,0,"a3_A03",-0.0333276503695704,0.00100425605470954
"90","C02_a3_A03_1","YPD","sexual",0,0,"a3_A03",0.012451143009959,0.000292927965333378
"91","C02_a3_A03_2","lowP","sexual",0,0,"a3_A03",-0.00828310764986051,0.0100889150534341
"92","C02_a3_A03_2","SC_0.2M_NaCl","sexual",0,0,"a3_A03",0.0197021277498024,0.0214965980451839
"93","C02_a3_A03_2","SC_pH7.3","sexual",0,0,"a3_A03",0.0795831916794327,0.0133409631350809
"94","C02_a3_A03_2","SC30C","sexual",0,0,"a3_A03",-0.0186312747138105,0.00521888288552648
"95","C02_a3_A03_2","SC37C","sexual",0,0,"a3_A03",-0.00784756044583864,0.00776685900394997
"96","C02_a3_A03_2","YPD","sexual",0,0,"a3_A03",0.0115626089464389,0.00282035619585065
"97","C03_a3_H11_1","lowP","sexual",0,0,"a3_H11",0.00758558795743514,0.00353679524876448
"98","C03_a3_H11_1","SC_0.2M_NaCl","sexual",0,0,"a3_H11",0.0259893787569582,0.000419393936630868
"99","C03_a3_H11_1","SC_pH7.3","sexual",0,0,"a3_H11",0.093104818411876,0.0308941804513816
"100","C03_a3_H11_1","SC30C","sexual",0,0,"a3_H11",-0.0027160483242644,0.00378098345783451
"101","C03_a3_H11_1","SC37C","sexual",0,0,"a3_H11",0.0619979136427009,0.0315158352798271
"102","C03_a3_H11_1","YPD","sexual",0,0,"a3_H11",0.0165706790281779,0.000776611268104763
"103","C03_a3_H11_2","lowP","sexual",0,0,"a3_H11",0.00443852333852984,0.00950244846564973
"104","C03_a3_H11_2","SC_0.2M_NaCl","sexual",0,0,"a3_H11",0.0196873119187524,0.00439493912380543
"105","C03_a3_H11_2","SC_pH7.3","sexual",0,0,"a3_H11",0.105640738795273,0.0279045555784336
"106","C03_a3_H11_2","SC30C","sexual",0,0,"a3_H11",-0.009017993577481,0.00392355089021783
"107","C03_a3_H11_2","SC37C","sexual",0,0,"a3_H11",0.0265399073666895,0.00705491690116197
"108","C03_a3_H11_2","YPD","sexual",0,0,"a3_H11",0.0147101222356621,0.00144228541801271
"109","C04_a3_H02_1","lowP","sexual",0,0,"a3_H02",0.00417568745200669,2.05273244285238e-05
"110","C04_a3_H02_1","SC_0.2M_NaCl","sexual",0,0,"a3_H02",0.0147277937464636,0.000457703683724542
"111","C04_a3_H02_1","SC_pH7.3","sexual",0,0,"a3_H02",0.0760527044415267,0.030904399248196
"112","C04_a3_H02_1","SC30C","sexual",0,0,"a3_H02",-0.0154063001973939,0.0106456425331175
"113","C04_a3_H02_1","SC37C","sexual",0,0,"a3_H02",0.0338201878122919,0.0198270021072382
"114","C04_a3_H02_1","YPD","sexual",0,0,"a3_H02",0.0160969809869773,0.0071806737150188
"115","C04_a3_H02_2","lowP","sexual",0,0,"a3_H02",0.0117680144195933,0.00582643272741392
"116","C04_a3_H02_2","SC_0.2M_NaCl","sexual",0,0,"a3_H02",0.0159799174166377,0.000439888923908972
"117","C04_a3_H02_2","SC_pH7.3","sexual",0,0,"a3_H02",0.0817831591320714,0.014597135673136
"118","C04_a3_H02_2","SC30C","sexual",0,0,"a3_H02",-0.00936761999478294,0.00239540228247938
"119","C04_a3_H02_2","SC37C","sexual",0,0,"a3_H02",0.00815785659239165,0.0160044964218981
"120","C04_a3_H02_2","YPD","sexual",0,0,"a3_H02",0.0154234379253162,0.00589858574793952
"121","C05_a1.1_A09_1","lowP","asexual",0,0,"a1.1_A09",-0.0924070305429937,0.0106594678918441
"122","C05_a1.1_A09_1","SC_0.2M_NaCl","asexual",0,0,"a1.1_A09",-0.0214828043681444,0.0199343427110608
"123","C05_a1.1_A09_1","SC_pH7.3","asexual",0,0,"a1.1_A09",-0.0507397298940366,0.00177391984163191
"124","C05_a1.1_A09_1","SC30C","asexual",0,0,"a1.1_A09",-0.0633095207240048,0.0175955055264814
"125","C05_a1.1_A09_1","SC37C","asexual",0,0,"a1.1_A09",-0.0637135919095073,0.00761904317740881
"126","C05_a1.1_A09_1","YPD","asexual",0,0,"a1.1_A09",-0.00222801900352646,0.00824800931264212
"127","C05_a1.1_A09_2","lowP","asexual",0,0,"a1.1_A09",-0.0876661068569052,0.00343062557678795
"128","C05_a1.1_A09_2","SC_0.2M_NaCl","asexual",0,0,"a1.1_A09",-0.0316491456165524,0.0440464237161657
"129","C05_a1.1_A09_2","SC_pH7.3","asexual",0,0,"a1.1_A09",-0.029856398714199,0.0232031749373258
"130","C05_a1.1_A09_2","SC30C","asexual",0,0,"a1.1_A09",-0.0433539564473319,0.0312169470117425
"131","C05_a1.1_A09_2","SC37C","asexual",0,0,"a1.1_A09",-0.0646597332770588,0.00694801043913513
"132","C05_a1.1_A09_2","YPD","asexual",0,0,"a1.1_A09",0.0119170233053151,0.0111604395151661
"133","C06_a1.1_A10_1","lowP","asexual",0,0,"a1.1_A10",-0.11213238125474,0.0482120603767112
"134","C06_a1.1_A10_1","SC_0.2M_NaCl","asexual",0,0,"a1.1_A10",-0.0751873929031959,0.0404415434177246
"135","C06_a1.1_A10_1","SC_pH7.3","asexual",0,0,"a1.1_A10",0.0105989064441337,0.00567031100201365
"136","C06_a1.1_A10_1","SC30C","asexual",0,0,"a1.1_A10",-0.135391197708224,0.0168895037248641
"137","C06_a1.1_A10_1","SC37C","asexual",0,0,"a1.1_A10",-0.0797685530118433,0.0305600638379866
"138","C06_a1.1_A10_1","YPD","asexual",0,0,"a1.1_A10",-0.025164236837811,0.00678160828442461
"139","C06_a1.1_A10_2","lowP","asexual",0,0,"a1.1_A10",-0.11381469170331,0.013239623825634
"140","C06_a1.1_A10_2","SC_0.2M_NaCl","asexual",0,0,"a1.1_A10",-0.0226327996101714,0.0135579004007983
"141","C06_a1.1_A10_2","SC_pH7.3","asexual",0,0,"a1.1_A10",0.0184422913394408,0.0149183716880925
"142","C06_a1.1_A10_2","SC30C","asexual",0,0,"a1.1_A10",-0.10810837614158,0.0107318771507314
"143","C06_a1.1_A10_2","SC37C","asexual",0,0,"a1.1_A10",-0.101214868568875,0.0293732397918804
"144","C06_a1.1_A10_2","YPD","asexual",0,0,"a1.1_A10",-0.0265190059803345,0.000335009409995339
"145","D02_a1.1_A05_1","lowP","asexual",0,0,"a1.1_A05",-0.103016098553978,0.01104579490387
"146","D02_a1.1_A05_1","SC_0.2M_NaCl","asexual",0,0,"a1.1_A05",-0.0169460311042699,0.00966242672205926
"147","D02_a1.1_A05_1","SC_pH7.3","asexual",0,0,"a1.1_A05",0.0699785538939547,0.00203318000799586
"148","D02_a1.1_A05_1","SC30C","asexual",0,0,"a1.1_A05",-0.0522315291218163,0.0175222128351056
"149","D02_a1.1_A05_1","SC37C","asexual",0,0,"a1.1_A05",-0.0291157482257084,0.00878346692475324
"150","D02_a1.1_A05_1","YPD","asexual",0,0,"a1.1_A05",-0.00488194600276871,0.00183949553012353
"151","D02_a1.1_A05_2","lowP","asexual",0,0,"a1.1_A05",-0.376564903814253,0.00319941567123285
"152","D02_a1.1_A05_2","SC_0.2M_NaCl","asexual",0,0,"a1.1_A05",-0.00600570901019441,0.010599445813925
"153","D02_a1.1_A05_2","SC_pH7.3","asexual",0,0,"a1.1_A05",0.0613086551278168,0.00907514374819249
"154","D02_a1.1_A05_2","SC30C","asexual",0,0,"a1.1_A05",-0.0307100343324933,0.0189015669549464
"155","D02_a1.1_A05_2","SC37C","asexual",0,0,"a1.1_A05",-0.0836104061055368,0.0056626173264813
"156","D02_a1.1_A05_2","YPD","asexual",0,0,"a1.1_A05",-0.00717345910287856,0.00203514138324224
"157","D03_a3_B12_1","lowP","sexual",0,0,"a3_B12",0.0108639845370665,0.00335303321906076
"158","D03_a3_B12_1","SC_0.2M_NaCl","sexual",0,0,"a3_B12",-0.0017134985352809,0.00607795695423176
"159","D03_a3_B12_1","SC_pH7.3","sexual",0,0,"a3_B12",0.0874921072708054,0.0138201385610203
"160","D03_a3_B12_1","SC30C","sexual",0,0,"a3_B12",-0.0285776713338703,0.00186095997516208
"161","D03_a3_B12_1","SC37C","sexual",0,0,"a3_B12",0.0127334863927378,0.0437927771248263
"162","D03_a3_B12_1","YPD","sexual",0,0,"a3_B12",0.000213587844761991,0.00262619725999049
"163","D03_a3_B12_2","lowP","sexual",0,0,"a3_B12",0.000710654297624043,0.00378847861728566
"164","D03_a3_B12_2","SC_0.2M_NaCl","sexual",0,0,"a3_B12",0.0156871553283985,0.00404820682886286
"165","D03_a3_B12_2","SC_pH7.3","sexual",0,0,"a3_B12",0.0822474927616908,0.0037403284020893
"166","D03_a3_B12_2","SC30C","sexual",0,0,"a3_B12",-0.0380027004608558,0.0156038179368213
"167","D03_a3_B12_2","SC37C","sexual",0,0,"a3_B12",0.0381414759794219,0.0181218321445248
"168","D03_a3_B12_2","YPD","sexual",0,0,"a3_B12",0.00854946510294049,0.00285808496099562
"169","D04_a1.1_H06_1","lowP","asexual",0,0,"a1.1_H06",-0.110024094969677,0.0149072105353581
"170","D04_a1.1_H06_1","SC_0.2M_NaCl","asexual",0,0,"a1.1_H06",-0.0819836357617739,0.0119661291409572
"171","D04_a1.1_H06_1","SC_pH7.3","asexual",0,0,"a1.1_H06",-0.0247235330552036,0.00190439485689567
"172","D04_a1.1_H06_1","SC30C","asexual",0,0,"a1.1_H06",-0.142381945431019,0.0197327089857579
"173","D04_a1.1_H06_1","SC37C","asexual",0,0,"a1.1_H06",-0.111061712830364,0.0275646668257153
"174","D04_a1.1_H06_1","YPD","asexual",0,0,"a1.1_H06",-0.030582687250412,0.00203742096972258
"175","D04_a1.1_H06_2","lowP","asexual",0,0,"a1.1_H06",-0.0914567343525012,0.00479217204179634
"176","D04_a1.1_H06_2","SC_0.2M_NaCl","asexual",0,0,"a1.1_H06",-0.0260781058467899,0.000362061644554144
"177","D04_a1.1_H06_2","SC_pH7.3","asexual",0,0,"a1.1_H06",0.0210966656486252,0.00155003262802232
"178","D04_a1.1_H06_2","SC30C","asexual",0,0,"a1.1_H06",-0.0865320065158863,0.00794256981714405
"179","D04_a1.1_H06_2","SC37C","asexual",0,0,"a1.1_H06",-0.0950588297483523,0.00219016690739712
"180","D04_a1.1_H06_2","YPD","asexual",0,0,"a1.1_H06",-0.023835181637132,0.00796727904267155
"181","D05_a1.1_C12_1","lowP","asexual",0,0,"a1.1_C12",-0.0432849846268404,0.00311395316418713
"182","D05_a1.1_C12_1","SC_0.2M_NaCl","asexual",0,0,"a1.1_C12",0.0137805553651352,0.0201492825868098
"183","D05_a1.1_C12_1","SC_pH7.3","asexual",0,0,"a1.1_C12",0.0513270363078241,0.00437898572828253
"184","D05_a1.1_C12_1","SC30C","asexual",0,0,"a1.1_C12",-0.0429834288675433,0.00483099506222335
"185","D05_a1.1_C12_1","SC37C","asexual",0,0,"a1.1_C12",-0.0965721622870533,0.00058076447794315
"186","D05_a1.1_C12_1","YPD","asexual",0,0,"a1.1_C12",-0.00333996982011131,0.00228303148968094
"187","D05_a1.1_C12_2","lowP","asexual",0,0,"a1.1_C12",-0.0494036253112591,0.00852968692932734
"188","D05_a1.1_C12_2","SC_0.2M_NaCl","asexual",0,0,"a1.1_C12",0.0070029621852321,0.0100656385237862
"189","D05_a1.1_C12_2","SC_pH7.3","asexual",0,0,"a1.1_C12",-0.00235158713846706,0.000288722421826027
"190","D05_a1.1_C12_2","SC30C","asexual",0,0,"a1.1_C12",-0.0489536745516918,0.000663553525586773
"191","D05_a1.1_C12_2","SC37C","asexual",0,0,"a1.1_C12",-0.0817161138263003,0.000586965997366619
"192","D05_a1.1_C12_2","YPD","asexual",0,0,"a1.1_C12",-0.00526996432224911,0.0021838145178833
"193","D06_a1.1_H11_1","lowP","asexual",0,0,"a1.1_H11",-0.0234725765856825,0.0138347510219338
"194","D06_a1.1_H11_1","SC_0.2M_NaCl","asexual",0,0,"a1.1_H11",0.0259817606833057,0.00576172298046503
"195","D06_a1.1_H11_1","SC_pH7.3","asexual",0,0,"a1.1_H11",0.0705533938292457,0.0198571954103796
"196","D06_a1.1_H11_1","SC30C","asexual",0,0,"a1.1_H11",-0.0231629376038349,0.00109959213822924
"197","D06_a1.1_H11_1","SC37C","asexual",0,0,"a1.1_H11",-0.0219035706677703,0.0105212472275646
"198","D06_a1.1_H11_1","YPD","asexual",0,0,"a1.1_H11",0.00597120365229194,0.00210714951965275
"199","D06_a1.1_H11_2","lowP","asexual",0,0,"a1.1_H11",-0.0180502092418142,0.00395471644091175
"200","D06_a1.1_H11_2","SC_0.2M_NaCl","asexual",0,0,"a1.1_H11",0.0069611076460761,0.00910212208902185
"201","D06_a1.1_H11_2","SC_pH7.3","asexual",0,0,"a1.1_H11",0.0592656677361743,0.0126902073055124
"202","D06_a1.1_H11_2","SC30C","asexual",0,0,"a1.1_H11",-0.019702909472494,0.000124688444483153
"203","D06_a1.1_H11_2","SC37C","asexual",0,0,"a1.1_H11",-0.0161480047417741,0.0114319485738846
"204","D06_a1.1_H11_2","YPD","asexual",0,0,"a1.1_H11",-0.00942109436498451,0.000429738885359131
"205","E03_a3_H03_1","lowP","sexual",0,0,"a3_H03",-0.0469103753191794,0.0126308192473992
"206","E03_a3_H03_1","SC_0.2M_NaCl","sexual",0,0,"a3_H03",0.0124815323272153,0.0140589149405701
"207","E03_a3_H03_1","SC_pH7.3","sexual",0,0,"a3_H03",0.0683071608790668,0.0169646737972271
"208","E03_a3_H03_1","SC30C","sexual",0,0,"a3_H03",-0.0303651848024593,0.000754661843000152
"209","E03_a3_H03_1","SC37C","sexual",0,0,"a3_H03",-0.0152209908562255,0.00620981103370404
"210","E03_a3_H03_1","YPD","sexual",0,0,"a3_H03",0.0170039178321108,0.000273644342903156
"211","E03_a3_H03_2","lowP","sexual",0,0,"a3_H03",-0.0326647542027861,0.000752242387173622
"212","E03_a3_H03_2","SC_0.2M_NaCl","sexual",0,0,"a3_H03",0.0030940297707936,0.00799576524563084
"213","E03_a3_H03_2","SC_pH7.3","sexual",0,0,"a3_H03",0.0817780579772545,0.0189486553146754
"214","E03_a3_H03_2","SC30C","sexual",0,0,"a3_H03",-0.025111687614154,0.013153414594462
"215","E03_a3_H03_2","SC37C","sexual",0,0,"a3_H03",0.00392433198970075,0.0173841127396376
"216","E03_a3_H03_2","YPD","sexual",0,0,"a3_H03",0.017121798823596,0.000714561392365772
"217","E04_a3_G01_1","lowP","sexual",0,0,"a3_G01",0.0200723719226376,0.00380192651979643
"218","E04_a3_G01_1","SC_0.2M_NaCl","sexual",0,0,"a3_G01",-0.0084472003310664,0.00553618484311205
"219","E04_a3_G01_1","SC_pH7.3","sexual",0,0,"a3_G01",0.0679832043939003,0.0170248721244946
"220","E04_a3_G01_1","SC30C","sexual",0,0,"a3_G01",-0.0082963667969745,0.0098741948669442
"221","E04_a3_G01_1","SC37C","sexual",0,0,"a3_G01",0.00626517884338466,0.0154612532295528
"222","E04_a3_G01_1","YPD","sexual",0,0,"a3_G01",0.0120578547025632,0.00577862352973026
"223","E04_a3_G01_2","lowP","sexual",0,0,"a3_G01",0.015919801630573,0.00496324525459698
"224","E04_a3_G01_2","SC_0.2M_NaCl","sexual",0,0,"a3_G01",0.0086237687424241,0.000377042966276473
"225","E04_a3_G01_2","SC_pH7.3","sexual",0,0,"a3_G01",0.0892888054511253,0.00225797049086376
"226","E04_a3_G01_2","SC30C","sexual",0,0,"a3_G01",-0.00113454342334265,0.0023461354702618
"227","E04_a3_G01_2","SC37C","sexual",0,0,"a3_G01",0.0195028879274965,0.0301511825952598
"228","E04_a3_G01_2","YPD","sexual",0,0,"a3_G01",0.00810489723281714,0.000924040266323308
"229","E05_a1.1_H01_1","lowP","asexual",0,0,"a1.1_H01",-0.0452410380618572,0.00347416550890845
"230","E05_a1.1_H01_1","SC_0.2M_NaCl","asexual",0,0,"a1.1_H01",-0.0203418098629989,0.00712022866344642
"231","E05_a1.1_H01_1","SC_pH7.3","asexual",0,0,"a1.1_H01",0.0453101984549969,0.00577127133769347
"232","E05_a1.1_H01_1","SC30C","asexual",0,0,"a1.1_H01",-0.0430459582836203,1.6019876115242e-05
"233","E05_a1.1_H01_1","SC37C","asexual",0,0,"a1.1_H01",-0.0195922573236863,0.00183831929903545
"234","E05_a1.1_H01_1","YPD","asexual",0,0,"a1.1_H01",0.00391636601464469,0.00524630268441876
"235","E05_a1.1_H01_2","lowP","asexual",0,0,"a1.1_H01",-0.0475006217881818,0.00721875366123697
"236","E05_a1.1_H01_2","SC_0.2M_NaCl","asexual",0,0,"a1.1_H01",-0.0157791700669704,0.00655069538160699
"237","E05_a1.1_H01_2","SC_pH7.3","asexual",0,0,"a1.1_H01",0.0513257859456921,0.0132204834759617
"238","E05_a1.1_H01_2","SC30C","asexual",0,0,"a1.1_H01",-0.0402558069580343,0.00473399921192245
"239","E05_a1.1_H01_2","SC37C","asexual",0,0,"a1.1_H01",-0.0257541437651569,0.00825885613685347
"240","E05_a1.1_H01_2","YPD","asexual",0,0,"a1.1_H01",-0.00669063065468436,0.00245208050918965
"241","E06_a1.1_H05_1","lowP","asexual",0,0,"a1.1_H05",-0.0837220026296612,0.0147819439871652
"242","E06_a1.1_H05_1","SC_0.2M_NaCl","asexual",0,0,"a1.1_H05",-0.0213310034113664,0.00305728554638961
"243","E06_a1.1_H05_1","SC_pH7.3","asexual",0,0,"a1.1_H05",0.0378196960878156,0.0038669666884442
"244","E06_a1.1_H05_1","SC30C","asexual",0,0,"a1.1_H05",-0.0517801603109278,0.00241637378115682
"245","E06_a1.1_H05_1","SC37C","asexual",0,0,"a1.1_H05",-0.0793479294246783,0.00245165452666408
"246","E06_a1.1_H05_1","YPD","asexual",0,0,"a1.1_H05",-0.00279182548183206,0.0101970632292766
"247","E06_a1.1_H05_2","lowP","asexual",0,0,"a1.1_H05",-0.08714833773341,0.0213363006797425
"248","E06_a1.1_H05_2","SC_0.2M_NaCl","asexual",0,0,"a1.1_H05",0.0014073773918246,0.0093235145902093
"249","E06_a1.1_H05_2","SC_pH7.3","asexual",0,0,"a1.1_H05",0.033316443613383,0.0221514433322235
"250","E06_a1.1_H05_2","SC30C","asexual",0,0,"a1.1_H05",-0.0600321163429988,0.00889744233268152
"251","E06_a1.1_H05_2","SC37C","asexual",0,0,"a1.1_H05",-0.0991837770346233,0.00376411818282218
"252","E06_a1.1_H05_2","YPD","asexual",0,0,"a1.1_H05",-0.01235896195054,0.0116048378544508
"253","F02_a1.1_A11_1","lowP","asexual",0,0,"a1.1_A11",-0.117362658665095,0.0173346494925333
"254","F02_a1.1_A11_1","SC_0.2M_NaCl","asexual",0,0,"a1.1_A11",-0.0372068004618064,0.0103113813556317
"255","F02_a1.1_A11_1","SC_pH7.3","asexual",0,0,"a1.1_A11",0.0394689300926891,0.0249935857579687
"256","F02_a1.1_A11_1","SC30C","asexual",0,0,"a1.1_A11",-0.0838988435031268,0.0221395659071053
"257","F02_a1.1_A11_1","SC37C","asexual",0,0,"a1.1_A11",-0.0853349730590143,0.0210288099753229
"258","F02_a1.1_A11_1","YPD","asexual",0,0,"a1.1_A11",-0.0148106539862655,0.00447500802444884
"259","F02_a1.1_A11_2","lowP","asexual",0,0,"a1.1_A11",-0.06432605878435,0.00460689434694846
"260","F02_a1.1_A11_2","SC_0.2M_NaCl","asexual",0,0,"a1.1_A11",-0.0529162381072799,0.017213188702287
"261","F02_a1.1_A11_2","SC_pH7.3","asexual",0,0,"a1.1_A11",0.00664983176793894,0.002190554816371
"262","F02_a1.1_A11_2","SC30C","asexual",0,0,"a1.1_A11",-0.0624167079520953,0.00824771922655096
"263","F02_a1.1_A11_2","SC37C","asexual",0,0,"a1.1_A11",-0.0876316419951513,0.00849953577362819
"264","F02_a1.1_A11_2","YPD","asexual",0,0,"a1.1_A11",-0.00423879750582426,0.00246770695733552
"265","F03_a3_H04_1","lowP","sexual",0,0,"a3_H04",0.0222391715569446,0.00921232375559263
"266","F03_a3_H04_1","SC_0.2M_NaCl","sexual",0,0,"a3_H04",0.0145198681406408,0.00222106264256877
"267","F03_a3_H04_1","SC_pH7.3","sexual",0,0,"a3_H04",0.102250695214048,0.017117162273282
"268","F03_a3_H04_1","SC30C","sexual",0,0,"a3_H04",-0.0071791701759184,0.00884576882759491
"269","F03_a3_H04_1","SC37C","sexual",0,0,"a3_H04",0.0325541031096737,0.0125266183608471
"270","F03_a3_H04_1","YPD","sexual",0,0,"a3_H04",-0.00193854388970951,0.00199764280328795
"271","F03_a3_H04_2","lowP","sexual",0,0,"a3_H04",0.0164831050028863,0.00187428647600451
"272","F03_a3_H04_2","SC_0.2M_NaCl","sexual",0,0,"a3_H04",0.0125230080114015,0.00419912469650443
"273","F03_a3_H04_2","SC_pH7.3","sexual",0,0,"a3_H04",0.0777009641067009,0.0035648461180786
"274","F03_a3_H04_2","SC30C","sexual",0,0,"a3_H04",-0.0017166979189968,0.00677272023315249
"275","F03_a3_H04_2","SC37C","sexual",0,0,"a3_H04",0.0423044286084841,0.026938122757597
"276","F03_a3_H04_2","YPD","sexual",0,0,"a3_H04",0.00749060774786293,0.00166372896167926
"277","F04_a3_B01_1","lowP","sexual",0,0,"a3_B01",-0.015737185519842,0.00638603054907399
"278","F04_a3_B01_1","SC_0.2M_NaCl","sexual",0,0,"a3_B01",-0.0173119261949774,0.00523087116975262
"279","F04_a3_B01_1","SC_pH7.3","sexual",0,0,"a3_B01",0.0332601777850949,0.00538637788701113
"280","F04_a3_B01_1","SC30C","sexual",0,0,"a3_B01",-0.0359394866681633,0.00815979229768081
"281","F04_a3_B01_1","SC37C","sexual",0,0,"a3_B01",-0.0123640133484841,0.0114717358757405
"282","F04_a3_B01_1","YPD","sexual",0,0,"a3_B01",-0.00026073210458856,0.000487113977201261
"283","F04_a3_B01_2","lowP","sexual",0,0,"a3_B01",-0.00934451346469661,0.00476660209305782
"284","F04_a3_B01_2","SC_0.2M_NaCl","sexual",0,0,"a3_B01",-0.0208241569239324,0.0351704411212941
"285","F04_a3_B01_2","SC_pH7.3","sexual",0,0,"a3_B01",0.0213956959507673,0.0059859399624273
"286","F04_a3_B01_2","SC30C","sexual",0,0,"a3_B01",-0.0491711399269478,0.00892368026585178
"287","F04_a3_B01_2","SC37C","sexual",0,0,"a3_B01",-0.0213261329731755,0.0243327626654968
"288","F04_a3_B01_2","YPD","sexual",0,0,"a3_B01",-0.00166562010719085,0.000384315791959357
"289","F05_a3_H05_1","lowP","sexual",0,0,"a3_H05",0.0145743120215963,0.00747826055557672
"290","F05_a3_H05_1","SC_0.2M_NaCl","sexual",0,0,"a3_H05",0.0234738926904818,0.0036843237076702
"291","F05_a3_H05_1","SC_pH7.3","sexual",0,0,"a3_H05",0.0975184644179158,0.00593048452398721
"292","F05_a3_H05_1","SC30C","sexual",0,0,"a3_H05",-0.0125533560968655,0.00686977829542523
"293","F05_a3_H05_1","SC37C","sexual",0,0,"a3_H05",0.0402696812222245,0.0200895595986886
"294","F05_a3_H05_1","YPD","sexual",0,0,"a3_H05",0.0110457770268065,0.0149091190806261
"295","F05_a3_H05_2","lowP","sexual",0,0,"a3_H05",0.340770812928556,0.143743970350381
"296","F05_a3_H05_2","SC_0.2M_NaCl","sexual",0,0,"a3_H05",0.0321960031499889,0.00939347281344956
"297","F05_a3_H05_2","SC_pH7.3","sexual",0,0,"a3_H05",0.119045891682136,0.00863921746757155
"298","F05_a3_H05_2","SC30C","sexual",0,0,"a3_H05",-0.0295027882228348,0.00036209500635675
"299","F05_a3_H05_2","SC37C","sexual",0,0,"a3_H05",0.0435197379059501,0.016508069067774
"300","F05_a3_H05_2","YPD","sexual",0,0,"a3_H05",0.00114207862073494,0.00414459747840771
"301","F06_a3_A11_1","lowP","sexual",0,0,"a3_A11",0.0107477587313734,0.00676867491864947
"302","F06_a3_A11_1","SC_0.2M_NaCl","sexual",0,0,"a3_A11",0.0289904753428188,0.00429731803547561
"303","F06_a3_A11_1","SC_pH7.3","sexual",0,0,"a3_A11",0.098099024704692,0.021157319041006
"304","F06_a3_A11_1","SC30C","sexual",0,0,"a3_A11",-0.0138427218058168,0.00244674565430622
"305","F06_a3_A11_1","SC37C","sexual",0,0,"a3_A11",0.00539939940084061,0.0208087637755982
"306","F06_a3_A11_1","YPD","sexual",0,0,"a3_A11",0.000550024028427042,0.00695516594038909
"307","F06_a3_A11_2","lowP","sexual",0,0,"a3_A11",0.015621080356949,0.0161270565134743
"308","F06_a3_A11_2","SC_0.2M_NaCl","sexual",0,0,"a3_A11",0.0278189701539093,0.0116774558462028
"309","F06_a3_A11_2","SC_pH7.3","sexual",0,0,"a3_A11",0.103367178639371,0.0159470140128346
"310","F06_a3_A11_2","SC30C","sexual",0,0,"a3_A11",-0.00411710674047935,0.000873489146396335
"311","F06_a3_A11_2","SC37C","sexual",0,0,"a3_A11",0.00749106363064135,0.0293630886255464
"312","F06_a3_A11_2","YPD","sexual",0,0,"a3_A11",0.0108609198350655,0.00681620031642716
"313","G02_a1.1_H02_1","lowP","asexual",0,0,"a1.1_H02",-0.0426062962187008,0.00267104376792541
"314","G02_a1.1_H02_1","SC_0.2M_NaCl","asexual",0,0,"a1.1_H02",-0.0129688930130989,0.000525578424110372
"315","G02_a1.1_H02_1","SC_pH7.3","asexual",0,0,"a1.1_H02",0.0681879239137985,0.0160348989550375
"316","G02_a1.1_H02_1","SC30C","asexual",0,0,"a1.1_H02",-0.0367071089481228,0.000218333286179633
"317","G02_a1.1_H02_1","SC37C","asexual",0,0,"a1.1_H02",-0.022036227261929,0.00230910286239633
"318","G02_a1.1_H02_1","YPD","asexual",0,0,"a1.1_H02",0.00679042263271054,0.000732333914534963
"319","G02_a1.1_H02_2","lowP","asexual",0,0,"a1.1_H02",-0.0109392393320716,0.010319415322993
"320","G02_a1.1_H02_2","SC_0.2M_NaCl","asexual",0,0,"a1.1_H02",-0.0263038120905064,0.010369548014579
"321","G02_a1.1_H02_2","SC_pH7.3","asexual",0,0,"a1.1_H02",0.0298455628351809,0.0123847646516984
"322","G02_a1.1_H02_2","SC30C","asexual",0,0,"a1.1_H02",-0.0133128889372279,0.0284464007870247
"323","G02_a1.1_H02_2","SC37C","asexual",0,0,"a1.1_H02",-0.00729990842605879,0.0123144810719898
"324","G02_a1.1_H02_2","YPD","asexual",0,0,"a1.1_H02",0.00839287725411649,0.000798772388620462
"325","G03_a1.1_B12_1","lowP","asexual",0,0,"a1.1_B12",-0.0634500387263092,0.00694469671160689
"326","G03_a1.1_B12_1","SC_0.2M_NaCl","asexual",0,0,"a1.1_B12",-0.0269982569652822,0.0378819190952269
"327","G03_a1.1_B12_1","SC_pH7.3","asexual",0,0,"a1.1_B12",0.0253548644691441,0.0462538290775629
"328","G03_a1.1_B12_1","SC30C","asexual",0,0,"a1.1_B12",-0.0607250162363673,0.0254429543356986
"329","G03_a1.1_B12_1","SC37C","asexual",0,0,"a1.1_B12",-0.0624520839610005,0.00385955989082168
"330","G03_a1.1_B12_1","YPD","asexual",0,0,"a1.1_B12",-0.00485164519717948,0.00746439874157169
"331","G03_a1.1_B12_2","lowP","asexual",0,0,"a1.1_B12",-0.0581124283794753,0.00580371431756888
"332","G03_a1.1_B12_2","SC_0.2M_NaCl","asexual",0,0,"a1.1_B12",-0.0106125486642789,0.0198726218733824
"333","G03_a1.1_B12_2","SC_pH7.3","asexual",0,0,"a1.1_B12",0.0414806999222552,0.0212947689470351
"334","G03_a1.1_B12_2","SC30C","asexual",0,0,"a1.1_B12",-0.0573891350129065,0.0167809167469837
"335","G03_a1.1_B12_2","SC37C","asexual",0,0,"a1.1_B12",-0.0842897338883238,0.0210467120546439
"336","G03_a1.1_B12_2","YPD","asexual",0,0,"a1.1_B12",-0.00868790147194248,0.00307333375450617
"337","G04_a3_H09_1","lowP","sexual",0,0,"a3_H09",0.0121595987951893,0.0132877731631987
"338","G04_a3_H09_1","SC_0.2M_NaCl","sexual",0,0,"a3_H09",0.0222125713031471,0.00284255599032049
"339","G04_a3_H09_1","SC_pH7.3","sexual",0,0,"a3_H09",0.0858676769409247,0.0218283804406505
"340","G04_a3_H09_1","SC30C","sexual",0,0,"a3_H09",-0.0172904818089896,0.00497766701249874
"341","G04_a3_H09_1","SC37C","sexual",0,0,"a3_H09",0.0260873339549954,0.0362050617293085
"342","G04_a3_H09_1","YPD","sexual",0,0,"a3_H09",0.00497322855384484,0.0015455973020365
"343","G04_a3_H09_2","lowP","sexual",0,0,"a3_H09",0.00969868689628879,0.00270934060876154
"344","G04_a3_H09_2","SC_0.2M_NaCl","sexual",0,0,"a3_H09",0.0184318670112407,0.00855761944427879
"345","G04_a3_H09_2","SC_pH7.3","sexual",0,0,"a3_H09",0.105262865098068,0.0106059339349046
"346","G04_a3_H09_2","SC30C","sexual",0,0,"a3_H09",-0.0203159483913134,0.00254035276198364
"347","G04_a3_H09_2","SC37C","sexual",0,0,"a3_H09",0.0126650885865897,0.0211820945352087
"348","G04_a3_H09_2","YPD","sexual",0,0,"a3_H09",0.00394172815858319,0.000918285115319785
"349","G05_a1.1_E12_1","lowP","asexual",0,0,"a1.1_E12",-0.0393331665628627,0.00207586490381624
"350","G05_a1.1_E12_1","SC_0.2M_NaCl","asexual",0,0,"a1.1_E12",-0.0239996650688744,0.00553323058179677
"351","G05_a1.1_E12_1","SC_pH7.3","asexual",0,0,"a1.1_E12",0.0587380736842496,0.00847141560318065
"352","G05_a1.1_E12_1","SC30C","asexual",0,0,"a1.1_E12",-0.026862871077928,0.00587120937219785
"353","G05_a1.1_E12_1","SC37C","asexual",0,0,"a1.1_E12",0.000661175274690111,0.000305376024838032
"354","G05_a1.1_E12_1","YPD","asexual",0,0,"a1.1_E12",0.00947590918947244,0.00346366176428762
"355","G05_a1.1_E12_2","lowP","asexual",0,0,"a1.1_E12",-0.0469525362756453,0.00172319473458432
"356","G05_a1.1_E12_2","SC_0.2M_NaCl","asexual",0,0,"a1.1_E12",-0.0239683758645564,0.00597594427835432
"357","G05_a1.1_E12_2","SC_pH7.3","asexual",0,0,"a1.1_E12",0.0553127299959738,0.0209237105711113
"358","G05_a1.1_E12_2","SC30C","asexual",0,0,"a1.1_E12",-0.0260954824982733,0.00290317047298908
"359","G05_a1.1_E12_2","SC37C","asexual",0,0,"a1.1_E12",0.017623121362278,0.0182290190721946
"360","G05_a1.1_E12_2","YPD","asexual",0,0,"a1.1_E12",0.0133011063518569,0.000254367111772627
"361","G06_a3_E01_1","lowP","sexual",0,0,"a3_E01",0.0251761487817552,0.00544353216767796
"362","G06_a3_E01_1","SC_0.2M_NaCl","sexual",0,0,"a3_E01",-0.0116352825000409,0.00231377156432213
"363","G06_a3_E01_1","SC_pH7.3","sexual",0,0,"a3_E01",0.059653686380702,0.00789940869645704
"364","G06_a3_E01_1","SC30C","sexual",0,0,"a3_E01",-0.0271653746714853,0.00203595773950207
"365","G06_a3_E01_1","SC37C","sexual",0,0,"a3_E01",0.0112345755767961,0.0212105107436995
"366","G06_a3_E01_1","YPD","sexual",0,0,"a3_E01",-0.0102585157632115,0.0053839918134085
"367","G06_a3_E01_2","lowP","sexual",0,0,"a3_E01",0.00317596159643209,0.0183506530146141
"368","G06_a3_E01_2","SC_0.2M_NaCl","sexual",0,0,"a3_E01",0.038064772621348,0.0135499912383497
"369","G06_a3_E01_2","SC_pH7.3","sexual",0,0,"a3_E01",0.0708718797197042,0.00181049224620728
"370","G06_a3_E01_2","SC30C","sexual",0,0,"a3_E01",-0.0207660117559299,0.00975730501740492
"371","G06_a3_E01_2","SC37C","sexual",0,0,"a3_E01",0.0177096233406362,0.0134507542730093
"372","G06_a3_E01_2","YPD","sexual",0,0,"a3_E01",0.00386184682791349,0.0123990178536694
"373","H04_a3_A02_1","lowP","sexual",0,0,"a3_A02",0.00576294743054769,0.0052059280721686
"374","H04_a3_A02_1","SC_0.2M_NaCl","sexual",0,0,"a3_A02",0.0239302719944722,0.0149996503299291
"375","H04_a3_A02_1","SC_pH7.3","sexual",0,0,"a3_A02",0.0989285486970878,0.00396327774539323
"376","H04_a3_A02_1","SC30C","sexual",0,0,"a3_A02",-0.0170934498030936,0.000845342888686507
"377","H04_a3_A02_1","SC37C","sexual",0,0,"a3_A02",0.0212198499222884,0.02097019477943
"378","H04_a3_A02_1","YPD","sexual",0,0,"a3_A02",0.000992852992789339,0.00333199078706032
"379","H04_a3_A02_2","lowP","sexual",0,0,"a3_A02",0.00935020361406219,0.002912395499422
"380","H04_a3_A02_2","SC_0.2M_NaCl","sexual",0,0,"a3_A02",0.00698271312942859,0.00343706819488772
"381","H04_a3_A02_2","SC_pH7.3","sexual",0,0,"a3_A02",0.100508836176811,8.25179229237814e-05
"382","H04_a3_A02_2","SC30C","sexual",0,0,"a3_A02",0.00101614704277415,0.000915924492713109
"383","H04_a3_A02_2","SC37C","sexual",0,0,"a3_A02",0.0125701368015542,0.0132807707699716
"384","H04_a3_A02_2","YPD","sexual",0,0,"a3_A02",0.00495688111874964,0.00237571343105275
"385","H05_a1.1_D12_1","lowP","asexual",0,0,"a1.1_D12",-0.0675823872680097,0.00758839531045303
"386","H05_a1.1_D12_1","SC_0.2M_NaCl","asexual",0,0,"a1.1_D12",-0.0055956177634649,0.00578812366030393
"387","H05_a1.1_D12_1","SC_pH7.3","asexual",0,0,"a1.1_D12",0.050649142552124,0.010511352562309
"388","H05_a1.1_D12_1","SC30C","asexual",0,0,"a1.1_D12",-0.0445223459754988,0.00450183216587742
"389","H05_a1.1_D12_1","SC37C","asexual",0,0,"a1.1_D12",-0.0968314316879788,0.00881837105283903
"390","H05_a1.1_D12_1","YPD","asexual",0,0,"a1.1_D12",0.00140587749451204,0.0063129674663438
"391","H05_a1.1_D12_2","lowP","asexual",0,0,"a1.1_D12",-0.0995475651170677,0.0207956490133135
"392","H05_a1.1_D12_2","SC_0.2M_NaCl","asexual",0,0,"a1.1_D12",-0.0277373265937644,0.00435363494821097
"393","H05_a1.1_D12_2","SC_pH7.3","asexual",0,0,"a1.1_D12",0.0249208156329662,0.00949714671637256
"394","H05_a1.1_D12_2","SC30C","asexual",0,0,"a1.1_D12",-0.0690039999700443,0.00290760115403663
"395","H05_a1.1_D12_2","SC37C","asexual",0,0,"a1.1_D12",-0.0777766214909398,0.00682368375399362
"396","H05_a1.1_D12_2","YPD","asexual",0,0,"a1.1_D12",-0.00507882029183916,0.0085648281811833
"397","MJM36_MATalpha","lowP",NA,0,0,"MJM36_MATalpha",-0.00638393747285514,0.00764510818315566
"398","MJM36_MATalpha","SC_0.2M_NaCl",NA,0,0,"MJM36_MATalpha",-0.0174315186681945,0.00649027668237033
"399","MJM36_MATalpha","SC_pH7.3",NA,0,0,"MJM36_MATalpha",0.0227251788100514,0.0101158543862483
"400","MJM36_MATalpha","SC30C",NA,0,0,"MJM36_MATalpha",-0.0701728558462052,0.00837932717238974
"401","MJM36_MATalpha","SC37C",NA,0,0,"MJM36_MATalpha",-0.0321723796197041,0.0153127741764144
"402","MJM36_MATalpha","YPD",NA,0,0,"MJM36_MATalpha",-0.00872926891959048,0.0123464737844913
