well_id_384,well_id_96,well_id_96_no0,plate_id,96_row,96_col,kk_strain_id,F1,parent,anc,env,kk_pop_id,kk_well_id,cells_t1,test_t1,cells_t2,test_t2
A01,A01,A1,plate1,A,01,A04_a3_G12_1,1,0,0,SC37C,a3_G12,G12,15652,15084,5821,5474
A02,A01,A1,plate2,A,01,A06_a3_H07_1,1,0,0,SC37C,a3_H07,H07,7491,1712,2742,381
A03,A02,A2,plate1,A,02,A04_a3_G12_1,1,0,0,SC37C,a3_G12,G12,12814,3362,6225,1589
A04,A02,A2,plate2,A,02,A06_a3_H07_1,1,0,0,SC37C,a3_H07,H07,9599,1341,6193,301
A05,A03,A3,plate1,A,03,A04_a3_G12_1,1,0,0,SC37C,a3_G12,G12,14620,3633,6303,1463
A06,A03,A3,plate2,A,03,A06_a3_H07_1,1,0,0,SC37C,a3_H07,H07,6205,1597,3280,461
A07,A04,A4,plate1,A,04,A06_a3_H07_1,1,0,0,SC37C,a3_H07,H07,25000,4282,14078,1765
A08,A04,A4,plate2,A,04,G03_a1.1_B12_1,1,0,0,SC37C,a1.1_B12,B12,6084,936,4634,491
A09,A05,A5,plate1,A,05,A06_a3_H07_1,1,0,0,SC37C,a3_H07,H07,12556,2617,6897,1008
A10,A05,A5,plate2,A,05,G03_a1.1_B12_1,1,0,0,SC37C,a1.1_B12,B12,13502,2242,5291,385
A11,A06,A6,plate1,A,06,G03_a1.1_B12_1,1,0,0,SC37C,a1.1_B12,B12,12212,1546,6504,619
A12,A06,A6,plate2,A,06,B04_a1.1_A02_1,1,0,0,SC37C,a1.1_A02,A02,5223,1017,3291,368
A13,A07,A7,plate1,A,07,G03_a1.1_B12_1,1,0,0,SC37C,a1.1_B12,B12,8052,2621,4841,1661
A14,A07,A7,plate2,A,07,B04_a1.1_A02_1,1,0,0,SC37C,a1.1_A02,A02,5556,972,4222,362
A15,A08,A8,plate1,A,08,B04_a1.1_A02_1,1,0,0,SC37C,a1.1_A02,A02,9547,3241,4386,1820
A16,A08,A8,plate2,A,08,A04_a3_G12_1,1,0,0,SC37C,a3_G12,G12,6923,1390,4355,493
A17,A09,A9,plate1,A,09,B04_a1.1_A02_1,1,0,0,SC37C,a1.1_A02,A02,10271,2255,5270,900
A18,A09,A9,plate2,A,09,A04_a3_G12_1,1,0,0,SC37C,a3_G12,G12,4827,2928,1663,1456
A19,A10,A10,plate1,A,10,G03_a1.1_B12_1,1,0,0,SC37C,a1.1_B12,B12,11696,3013,5340,1489
A20,A10,A10,plate2,A,10,B04_a1.1_A02_1,1,0,0,SC37C,a1.1_A02,A02,8720,1310,4965,255
A21,A11,A11,plate1,A,11,BLANK,0,1,0,SC37C,BLANK,BLANK,10298,10068,4114,3878
A22,A11,A11,plate2,A,11,BLANK,0,1,0,SC37C,BLANK,BLANK,4573,4454,2402,2235
A23,A12,A12,plate1,A,12,BLANK,0,1,0,SC37C,BLANK,BLANK,15136,14882,4511,4335
A24,A12,A12,plate2,A,12,BLANK,0,1,0,SC37C,BLANK,BLANK,6011,5868,2568,2401
B01,A01,A1,plate3,A,01,G03_a1.1_B12_1,1,0,0,SC37C,a1.1_B12,B12,4549,826,10860,3433
B02,A01,A1,plate4,A,01,B04_a1.1_A02_1,1,0,0,SC37C,a1.1_A02,A02,7428,1442,4348,558
B03,A02,A2,plate3,A,02,G03_a1.1_B12_1,1,0,0,SC37C,a1.1_B12,B12,4214,414,15476,1358
B04,A02,A2,plate4,A,02,B04_a1.1_A02_1,1,0,0,SC37C,a1.1_A02,A02,126,74,542,518
B05,A03,A3,plate3,A,03,G03_a1.1_B12_1,1,0,0,SC37C,a1.1_B12,B12,5408,680,12184,1653
B06,A03,A3,plate4,A,03,B04_a1.1_A02_1,1,0,0,SC37C,a1.1_A02,A02,214,19,2825,100
B07,A04,A4,plate3,A,04,B04_a1.1_A02_1,1,0,0,SC37C,a1.1_A02,A02,3435,745,6877,1502
B08,A04,A4,plate4,A,04,A04_a3_G12_1,1,0,0,SC37C,a3_G12,G12,168,12,1279,14
B09,A05,A5,plate3,A,05,B04_a1.1_A02_1,1,0,0,SC37C,a1.1_A02,A02,3212,660,7217,2161
B10,A05,A5,plate4,A,05,A04_a3_G12_1,1,0,0,SC37C,a3_G12,G12,186,23,2516,29
B11,A06,A6,plate3,A,06,A04_a3_G12_1,1,0,0,SC37C,a3_G12,G12,5193,493,8918,1054
B12,A06,A6,plate4,A,06,A06_a3_H07_1,1,0,0,SC37C,a3_H07,H07,5385,5230,1785,1650
B13,A07,A7,plate3,A,07,A04_a3_G12_1,1,0,0,SC37C,a3_G12,G12,3574,733,5792,1638
B14,A07,A7,plate4,A,07,A06_a3_H07_1,1,0,0,SC37C,a3_H07,H07,5850,1954,1841,990
B15,A08,A8,plate3,A,08,A06_a3_H07_1,1,0,0,SC37C,a3_H07,H07,4125,538,5769,775
B16,A08,A8,plate4,A,08,G03_a1.1_B12_1,1,0,0,SC37C,a1.1_B12,B12,6178,778,3335,342
B17,A09,A9,plate3,A,09,A06_a3_H07_1,1,0,0,SC37C,a3_H07,H07,3856,509,6725,1226
B18,A09,A9,plate4,A,09,G03_a1.1_B12_1,1,0,0,SC37C,a1.1_B12,B12,6542,2471,1572,1084
B19,A10,A10,plate3,A,10,A04_a3_G12_1,1,0,0,SC37C,a3_G12,G12,3796,498,6510,933
B20,A10,A10,plate4,A,10,A06_a3_H07_1,1,0,0,SC37C,a3_H07,H07,53,4,139,6
B21,A11,A11,plate3,A,11,BLANK,0,1,0,SC37C,BLANK,BLANK,3090,3002,5095,4952
B22,A11,A11,plate4,A,11,BLANK,0,1,0,SC37C,BLANK,BLANK,32,18,33,26
B23,A12,A12,plate3,A,12,BLANK,0,1,0,SC37C,BLANK,BLANK,4294,4199,6704,6506
B24,A12,A12,plate4,A,12,BLANK,0,1,0,SC37C,BLANK,BLANK,35,18,12,8
C01,B01,B1,plate1,B,01,A04_a3_G12_1,1,0,0,SC37C,a3_G12,G12,9645,3407,3511,1310
C02,B01,B1,plate2,B,01,A06_a3_H07_1,1,0,0,SC37C,a3_H07,H07,5678,848,3761,260
C03,B02,B2,plate1,B,02,A04_a3_G12_1,1,0,0,SC37C,a3_G12,G12,7592,1779,4385,844
C04,B02,B2,plate2,B,02,A06_a3_H07_1,1,0,0,SC37C,a3_H07,H07,3923,508,3456,141
C05,B03,B3,plate1,B,03,A04_a3_G12_1,1,0,0,SC37C,a3_G12,G12,8658,1795,3517,623
C06,B03,B3,plate2,B,03,A06_a3_H07_1,1,0,0,SC37C,a3_H07,H07,3407,766,2742,329
C07,B04,B4,plate1,B,04,A06_a3_H07_1,1,0,0,SC37C,a3_H07,H07,6736,1362,3825,460
C08,B04,B4,plate2,B,04,G03_a1.1_B12_1,1,0,0,SC37C,a1.1_B12,B12,4792,490,2978,103
C09,B05,B5,plate1,B,05,A06_a3_H07_1,1,0,0,SC37C,a3_H07,H07,5786,1315,2696,493
C10,B05,B5,plate2,B,05,G03_a1.1_B12_1,1,0,0,SC37C,a1.1_B12,B12,4115,740,2592,210
C11,B06,B6,plate1,B,06,G03_a1.1_B12_1,1,0,0,SC37C,a1.1_B12,B12,5453,1256,2695,575
C12,B06,B6,plate2,B,06,B04_a1.1_A02_1,1,0,0,SC37C,a1.1_A02,A02,3924,780,1409,138
C13,B07,B7,plate1,B,07,G03_a1.1_B12_1,1,0,0,SC37C,a1.1_B12,B12,7673,1199,3719,525
C14,B07,B7,plate2,B,07,B04_a1.1_A02_1,1,0,0,SC37C,a1.1_A02,A02,3518,525,1240,121
C15,B08,B8,plate1,B,08,B04_a1.1_A02_1,1,0,0,SC37C,a1.1_A02,A02,6441,1143,3386,444
C16,B08,B8,plate2,B,08,A04_a3_G12_1,1,0,0,SC37C,a3_G12,G12,4166,616,2834,167
C17,B09,B9,plate1,B,09,B04_a1.1_A02_1,1,0,0,SC37C,a1.1_A02,A02,5637,1029,2936,340
C18,B09,B9,plate2,B,09,A04_a3_G12_1,1,0,0,SC37C,a3_G12,G12,3395,389,2896,82
C19,B10,B10,plate1,B,10,G03_a1.1_B12_1,1,0,0,SC37C,a1.1_B12,B12,5801,2095,2337,1683
C20,B10,B10,plate2,B,10,B04_a1.1_A02_1,1,0,0,SC37C,a1.1_A02,A02,4815,570,3038,173
C21,B11,B11,plate1,B,11,A04_a3_G12_1,0,1,0,SC37C,a3_G12,G12,8100,1399,3028,380
C22,B11,B11,plate2,B,11,A04_a3_G12_1,0,1,0,SC37C,a3_G12,G12,5152,457,3293,176
C23,B12,B12,plate1,B,12,A04_a3_G12_1,0,1,0,SC37C,a3_G12,G12,14276,2107,4461,579
C24,B12,B12,plate2,B,12,A04_a3_G12_1,0,1,0,SC37C,a3_G12,G12,6509,433,3568,162
D01,B01,B1,plate3,B,01,G03_a1.1_B12_1,1,0,0,SC37C,a1.1_B12,B12,4985,538,5803,397
D02,B01,B1,plate4,B,01,B04_a1.1_A02_1,1,0,0,SC37C,a1.1_A02,A02,3709,715,1700,217
D03,B02,B2,plate3,B,02,G03_a1.1_B12_1,1,0,0,SC37C,a1.1_B12,B12,3838,330,5234,301
D04,B02,B2,plate4,B,02,B04_a1.1_A02_1,1,0,0,SC37C,a1.1_A02,A02,4498,529,4406,130
D05,B03,B3,plate3,B,03,G03_a1.1_B12_1,1,0,0,SC37C,a1.1_B12,B12,3518,427,3488,324
D06,B03,B3,plate4,B,03,B04_a1.1_A02_1,1,0,0,SC37C,a1.1_A02,A02,3792,400,2115,135
D07,B04,B4,plate3,B,04,B04_a1.1_A02_1,1,0,0,SC37C,a1.1_A02,A02,3427,340,3294,183
D08,B04,B4,plate4,B,04,A04_a3_G12_1,1,0,0,SC37C,a3_G12,G12,3893,346,2410,69
D09,B05,B5,plate3,B,05,B04_a1.1_A02_1,1,0,0,SC37C,a1.1_A02,A02,3235,394,2759,216
D10,B05,B5,plate4,B,05,A04_a3_G12_1,1,0,0,SC37C,a3_G12,G12,3478,283,2514,126
D11,B06,B6,plate3,B,06,A04_a3_G12_1,1,0,0,SC37C,a3_G12,G12,3977,359,3597,225
D12,B06,B6,plate4,B,06,A06_a3_H07_1,1,0,0,SC37C,a3_H07,H07,2600,279,1364,65
D13,B07,B7,plate3,B,07,A04_a3_G12_1,1,0,0,SC37C,a3_G12,G12,4372,407,3238,235
D14,B07,B7,plate4,B,07,A06_a3_H07_1,1,0,0,SC37C,a3_H07,H07,2345,202,2509,50
D15,B08,B8,plate3,B,08,A06_a3_H07_1,1,0,0,SC37C,a3_H07,H07,3684,478,1926,143
D16,B08,B8,plate4,B,08,G03_a1.1_B12_1,1,0,0,SC37C,a1.1_B12,B12,2412,382,1496,134
D17,B09,B9,plate3,B,09,A06_a3_H07_1,1,0,0,SC37C,a3_H07,H07,4072,310,3395,208
D18,B09,B9,plate4,B,09,G03_a1.1_B12_1,1,0,0,SC37C,a1.1_B12,B12,2612,353,1706,119
D19,B10,B10,plate3,B,10,A04_a3_G12_1,1,0,0,SC37C,a3_G12,G12,4124,371,3670,222
D20,B10,B10,plate4,B,10,A06_a3_H07_1,1,0,0,SC37C,a3_H07,H07,4579,401,2036,69
D21,B11,B11,plate3,B,11,A04_a3_G12_1,0,1,0,SC37C,a3_G12,G12,3956,218,4265,187
D22,B11,B11,plate4,B,11,A04_a3_G12_1,0,1,0,SC37C,a3_G12,G12,4139,155,3306,45
D23,B12,B12,plate3,B,12,A04_a3_G12_1,0,1,0,SC37C,a3_G12,G12,5738,266,3788,122
D24,B12,B12,plate4,B,12,A04_a3_G12_1,0,1,0,SC37C,a3_G12,G12,5397,225,3773,79
E01,C01,C1,plate1,C,01,A04_a3_G12_1,1,0,0,SC37C,a3_G12,G12,9000,2499,2872,676
E02,C01,C1,plate2,C,01,A06_a3_H07_1,1,0,0,SC37C,a3_H07,H07,5556,858,2775,156
E03,C02,C2,plate1,C,02,A04_a3_G12_1,1,0,0,SC37C,a3_G12,G12,7585,1943,2948,723
E04,C02,C2,plate2,C,02,A06_a3_H07_1,1,0,0,SC37C,a3_H07,H07,4850,541,2621,91
E05,C03,C3,plate1,C,03,A04_a3_G12_1,1,0,0,SC37C,a3_G12,G12,7118,1454,2308,361
E06,C03,C3,plate2,C,03,A06_a3_H07_1,1,0,0,SC37C,a3_H07,H07,4718,767,1956,172
E07,C04,C4,plate1,C,04,A06_a3_H07_1,1,0,0,SC37C,a3_H07,H07,3954,997,1784,340
E08,C04,C4,plate2,C,04,G03_a1.1_B12_1,1,0,0,SC37C,a1.1_B12,B12,3820,424,2400,174
E09,C05,C5,plate1,C,05,A06_a3_H07_1,1,0,0,SC37C,a3_H07,H07,9585,1526,3196,532
E10,C05,C5,plate2,C,05,G03_a1.1_B12_1,1,0,0,SC37C,a1.1_B12,B12,3725,873,1303,658
E11,C06,C6,plate1,C,06,G03_a1.1_B12_1,1,0,0,SC37C,a1.1_B12,B12,7440,1752,2716,559
E12,C06,C6,plate2,C,06,B04_a1.1_A02_1,1,0,0,SC37C,a1.1_A02,A02,3147,432,1692,81
E13,C07,C7,plate1,C,07,G03_a1.1_B12_1,1,0,0,SC37C,a1.1_B12,B12,5126,1053,2611,478
E14,C07,C7,plate2,C,07,B04_a1.1_A02_1,1,0,0,SC37C,a1.1_A02,A02,2670,669,977,263
E15,C08,C8,plate1,C,08,B04_a1.1_A02_1,1,0,0,SC37C,a1.1_A02,A02,3758,1192,2046,705
E16,C08,C8,plate2,C,08,A04_a3_G12_1,1,0,0,SC37C,a3_G12,G12,4444,590,1622,82
E17,C09,C9,plate1,C,09,B04_a1.1_A02_1,1,0,0,SC37C,a1.1_A02,A02,4253,772,2518,336
E18,C09,C9,plate2,C,09,A04_a3_G12_1,1,0,0,SC37C,a3_G12,G12,3039,553,1358,194
E19,C10,C10,plate1,C,10,G03_a1.1_B12_1,1,0,0,SC37C,a1.1_B12,B12,7296,1677,2757,398
E20,C10,C10,plate2,C,10,B04_a1.1_A02_1,1,0,0,SC37C,a1.1_A02,A02,3241,500,1762,130
E21,C11,C11,plate1,C,11,A06_a3_H07_1,0,1,0,SC37C,a3_H07,H07,5181,910,2854,305
E22,C11,C11,plate2,C,11,A06_a3_H07_1,0,1,0,SC37C,a3_H07,H07,3675,376,2205,78
E23,C12,C12,plate1,C,12,A06_a3_H07_1,0,1,0,SC37C,a3_H07,H07,8201,1467,2766,284
E24,C12,C12,plate2,C,12,A06_a3_H07_1,0,1,0,SC37C,a3_H07,H07,4267,350,2138,57
F01,C01,C1,plate3,C,01,G03_a1.1_B12_1,1,0,0,SC37C,a1.1_B12,B12,4462,704,1956,274
F02,C01,C1,plate4,C,01,B04_a1.1_A02_1,1,0,0,SC37C,a1.1_A02,A02,3897,371,2157,50
F03,C02,C2,plate3,C,02,G03_a1.1_B12_1,1,0,0,SC37C,a1.1_B12,B12,2637,322,2601,145
F04,C02,C2,plate4,C,02,B04_a1.1_A02_1,1,0,0,SC37C,a1.1_A02,A02,2189,307,927,106
F05,C03,C3,plate3,C,03,G03_a1.1_B12_1,1,0,0,SC37C,a1.1_B12,B12,3257,313,3280,162
F06,C03,C3,plate4,C,03,B04_a1.1_A02_1,1,0,0,SC37C,a1.1_A02,A02,3588,292,2559,90
F07,C04,C4,plate3,C,04,B04_a1.1_A02_1,1,0,0,SC37C,a1.1_A02,A02,2743,370,1964,153
F08,C04,C4,plate4,C,04,A04_a3_G12_1,1,0,0,SC37C,a3_G12,G12,2434,181,1420,86
F09,C05,C5,plate3,C,05,B04_a1.1_A02_1,1,0,0,SC37C,a1.1_A02,A02,2446,399,1316,186
F10,C05,C5,plate4,C,05,A04_a3_G12_1,1,0,0,SC37C,a3_G12,G12,2009,367,1428,155
F11,C06,C6,plate3,C,06,A04_a3_G12_1,1,0,0,SC37C,a3_G12,G12,3152,335,1893,92
F12,C06,C6,plate4,C,06,A06_a3_H07_1,1,0,0,SC37C,a3_H07,H07,3139,213,1509,40
F13,C07,C7,plate3,C,07,A04_a3_G12_1,1,0,0,SC37C,a3_G12,G12,3586,346,1968,176
F14,C07,C7,plate4,C,07,A06_a3_H07_1,1,0,0,SC37C,a3_H07,H07,2683,229,1268,46
F15,C08,C8,plate3,C,08,A06_a3_H07_1,1,0,0,SC37C,a3_H07,H07,2914,300,2009,94
F16,C08,C8,plate4,C,08,G03_a1.1_B12_1,1,0,0,SC37C,a1.1_B12,B12,2443,259,1250,74
F17,C09,C9,plate3,C,09,A06_a3_H07_1,1,0,0,SC37C,a3_H07,H07,4022,310,2067,113
F18,C09,C9,plate4,C,09,G03_a1.1_B12_1,1,0,0,SC37C,a1.1_B12,B12,2832,254,1825,51
F19,C10,C10,plate3,C,10,A04_a3_G12_1,1,0,0,SC37C,a3_G12,G12,4030,332,3692,271
F20,C10,C10,plate4,C,10,A06_a3_H07_1,1,0,0,SC37C,a3_H07,H07,3329,241,1659,37
F21,C11,C11,plate3,C,11,A06_a3_H07_1,0,1,0,SC37C,a3_H07,H07,4668,331,2255,63
F22,C11,C11,plate4,C,11,A06_a3_H07_1,0,1,0,SC37C,a3_H07,H07,2896,119,2657,26
F23,C12,C12,plate3,C,12,A06_a3_H07_1,0,1,0,SC37C,a3_H07,H07,4371,256,3627,111
F24,C12,C12,plate4,C,12,A06_a3_H07_1,0,1,0,SC37C,a3_H07,H07,3594,177,2624,59
G01,D01,D1,plate1,D,01,A04_a3_G12_1,1,0,0,SC37C,a3_G12,G12,7768,1925,3427,693
G02,D01,D1,plate2,D,01,A06_a3_H07_1,1,0,0,SC37C,a3_H07,H07,5819,880,2451,163
G03,D02,D2,plate1,D,02,A04_a3_G12_1,1,0,0,SC37C,a3_G12,G12,6248,1294,2182,348
G04,D02,D2,plate2,D,02,A06_a3_H07_1,1,0,0,SC37C,a3_H07,H07,5032,810,2109,169
G05,D03,D3,plate1,D,03,A04_a3_G12_1,1,0,0,SC37C,a3_G12,G12,6427,1435,2935,680
G06,D03,D3,plate2,D,03,A06_a3_H07_1,1,0,0,SC37C,a3_H07,H07,5972,804,1979,159
G07,D04,D4,plate1,D,04,A06_a3_H07_1,1,0,0,SC37C,a3_H07,H07,5704,1002,2223,234
G08,D04,D4,plate2,D,04,G03_a1.1_B12_1,1,0,0,SC37C,a1.1_B12,B12,3358,585,1719,197
G09,D05,D5,plate1,D,05,A06_a3_H07_1,1,0,0,SC37C,a3_H07,H07,4644,656,2592,170
G10,D05,D5,plate2,D,05,G03_a1.1_B12_1,1,0,0,SC37C,a1.1_B12,B12,3384,648,1970,194
G11,D06,D6,plate1,D,06,G03_a1.1_B12_1,1,0,0,SC37C,a1.1_B12,B12,5578,1306,2644,439
G12,D06,D6,plate2,D,06,B04_a1.1_A02_1,1,0,0,SC37C,a1.1_A02,A02,2798,605,1297,227
G13,D07,D7,plate1,D,07,G03_a1.1_B12_1,1,0,0,SC37C,a1.1_B12,B12,5093,602,2853,187
G14,D07,D7,plate2,D,07,B04_a1.1_A02_1,1,0,0,SC37C,a1.1_A02,A02,3869,524,1865,65
G15,D08,D8,plate1,D,08,B04_a1.1_A02_1,1,0,0,SC37C,a1.1_A02,A02,6868,1100,3001,297
G16,D08,D8,plate2,D,08,A04_a3_G12_1,1,0,0,SC37C,a3_G12,G12,3115,512,1526,186
G17,D09,D9,plate1,D,09,B04_a1.1_A02_1,1,0,0,SC37C,a1.1_A02,A02,3525,1166,1877,628
G18,D09,D9,plate2,D,09,A04_a3_G12_1,1,0,0,SC37C,a3_G12,G12,4196,479,2462,114
G19,D10,D10,plate1,D,10,G03_a1.1_B12_1,1,0,0,SC37C,a1.1_B12,B12,5025,803,3524,288
G20,D10,D10,plate2,D,10,B04_a1.1_A02_1,1,0,0,SC37C,a1.1_A02,A02,4242,489,2521,124
G21,D11,D11,plate1,D,11,MATa,0,1,1,SC37C,MATa,MATa,3436,1528,1831,1588
G22,D11,D11,plate2,D,11,MATa,0,1,1,SC37C,MATa,MATa,2472,673,1103,974
G23,D12,D12,plate1,D,12,MATa,0,1,1,SC37C,MATa,MATa,3957,2153,2482,2047
G24,D12,D12,plate2,D,12,MATa,0,1,1,SC37C,MATa,MATa,2806,957,1147,1031
H01,D01,D1,plate3,D,01,G03_a1.1_B12_1,1,0,0,SC37C,a1.1_B12,B12,3647,601,2348,205
H02,D01,D1,plate4,D,01,B04_a1.1_A02_1,1,0,0,SC37C,a1.1_A02,A02,2468,464,953,170
H03,D02,D2,plate3,D,02,G03_a1.1_B12_1,1,0,0,SC37C,a1.1_B12,B12,4075,333,3570,72
H04,D02,D2,plate4,D,02,B04_a1.1_A02_1,1,0,0,SC37C,a1.1_A02,A02,2564,261,1222,40
H05,D03,D3,plate3,D,03,G03_a1.1_B12_1,1,0,0,SC37C,a1.1_B12,B12,2342,397,2116,163
H06,D03,D3,plate4,D,03,B04_a1.1_A02_1,1,0,0,SC37C,a1.1_A02,A02,2195,124,1930,38
H07,D04,D4,plate3,D,04,B04_a1.1_A02_1,1,0,0,SC37C,a1.1_A02,A02,2118,417,1248,237
H08,D04,D4,plate4,D,04,A04_a3_G12_1,1,0,0,SC37C,a3_G12,G12,2791,266,1293,125
H09,D05,D5,plate3,D,05,B04_a1.1_A02_1,1,0,0,SC37C,a1.1_A02,A02,2241,278,1088,143
H10,D05,D5,plate4,D,05,A04_a3_G12_1,1,0,0,SC37C,a3_G12,G12,3420,182,1907,46
H11,D06,D6,plate3,D,06,A04_a3_G12_1,1,0,0,SC37C,a3_G12,G12,3424,324,1823,100
H12,D06,D6,plate4,D,06,A06_a3_H07_1,1,0,0,SC37C,a3_H07,H07,2646,142,1625,21
H13,D07,D7,plate3,D,07,A04_a3_G12_1,1,0,0,SC37C,a3_G12,G12,3261,284,2162,103
H14,D07,D7,plate4,D,07,A06_a3_H07_1,1,0,0,SC37C,a3_H07,H07,2421,146,1727,49
H15,D08,D8,plate3,D,08,A06_a3_H07_1,1,0,0,SC37C,a3_H07,H07,2963,281,1621,55
H16,D08,D8,plate4,D,08,G03_a1.1_B12_1,1,0,0,SC37C,a1.1_B12,B12,3155,191,1740,15
H17,D09,D9,plate3,D,09,A06_a3_H07_1,1,0,0,SC37C,a3_H07,H07,4391,296,2483,63
H18,D09,D9,plate4,D,09,G03_a1.1_B12_1,1,0,0,SC37C,a1.1_B12,B12,3418,222,1874,25
H19,D10,D10,plate3,D,10,A04_a3_G12_1,1,0,0,SC37C,a3_G12,G12,4206,318,2489,89
H20,D10,D10,plate4,D,10,A06_a3_H07_1,1,0,0,SC37C,a3_H07,H07,2627,160,1890,38
H21,D11,D11,plate3,D,11,MATa,0,1,1,SC37C,MATa,MATa,1816,506,1453,1211
H22,D11,D11,plate4,D,11,MATa,0,1,1,SC37C,MATa,MATa,1580,419,952,795
H23,D12,D12,plate3,D,12,MATa,0,1,1,SC37C,MATa,MATa,1893,672,1803,1547
H24,D12,D12,plate4,D,12,MATa,0,1,1,SC37C,MATa,MATa,1398,472,955,803
I01,E01,E1,plate1,E,01,A06_a3_H07_1,1,0,0,SC37C,a3_H07,H07,6001,1386,2755,377
I02,E01,E1,plate2,E,01,G03_a1.1_B12_1,1,0,0,SC37C,a1.1_B12,B12,7428,845,2785,123
I03,E02,E2,plate1,E,02,A04_a3_G12_1,1,0,0,SC37C,a3_G12,G12,7436,1241,2921,258
I04,E02,E2,plate2,E,02,A06_a3_H07_1,1,0,0,SC37C,a3_H07,H07,3886,586,2806,129
I05,E03,E3,plate1,E,03,A04_a3_G12_1,1,0,0,SC37C,a3_G12,G12,6578,1050,2905,267
I06,E03,E3,plate2,E,03,A06_a3_H07_1,1,0,0,SC37C,a3_H07,H07,3599,523,2119,86
I07,E04,E4,plate1,E,04,A06_a3_H07_1,1,0,0,SC37C,a3_H07,H07,6889,917,3118,232
I08,E04,E4,plate2,E,04,G03_a1.1_B12_1,1,0,0,SC37C,a1.1_B12,B12,4803,507,2108,125
I09,E05,E5,plate1,E,05,A06_a3_H07_1,1,0,0,SC37C,a3_H07,H07,6101,1111,2271,272
I10,E05,E5,plate2,E,05,G03_a1.1_B12_1,1,0,0,SC37C,a1.1_B12,B12,4441,456,2432,129
I11,E06,E6,plate1,E,06,G03_a1.1_B12_1,1,0,0,SC37C,a1.1_B12,B12,4561,580,3821,250
I12,E06,E6,plate2,E,06,B04_a1.1_A02_1,1,0,0,SC37C,a1.1_A02,A02,3634,514,1979,129
I13,E07,E7,plate1,E,07,G03_a1.1_B12_1,1,0,0,SC37C,a1.1_B12,B12,5953,817,2929,299
I14,E07,E7,plate2,E,07,B04_a1.1_A02_1,1,0,0,SC37C,a1.1_A02,A02,4352,487,2466,91
I15,E08,E8,plate1,E,08,B04_a1.1_A02_1,1,0,0,SC37C,a1.1_A02,A02,4710,755,2625,438
I16,E08,E8,plate2,E,08,A04_a3_G12_1,1,0,0,SC37C,a3_G12,G12,4293,515,2004,91
I17,E09,E9,plate1,E,09,B04_a1.1_A02_1,1,0,0,SC37C,a1.1_A02,A02,6828,964,2728,231
I18,E09,E9,plate2,E,09,A04_a3_G12_1,1,0,0,SC37C,a3_G12,G12,4347,538,1679,85
I19,E10,E10,plate1,E,10,B04_a1.1_A02_1,1,0,0,SC37C,a1.1_A02,A02,6067,830,3003,172
I20,E10,E10,plate2,E,10,A04_a3_G12_1,1,0,0,SC37C,a3_G12,G12,4269,544,2290,178
I21,E11,E11,plate1,E,11,MATalpha,0,1,1,SC37C,MATalpha,MATalpha,5211,850,2337,325
I22,E11,E11,plate2,E,11,MATalpha,0,1,1,SC37C,MATalpha,MATalpha,3715,439,1651,117
I23,E12,E12,plate1,E,12,MATalpha,0,1,1,SC37C,MATalpha,MATalpha,7266,1428,2860,531
I24,E12,E12,plate2,E,12,MATalpha,0,1,1,SC37C,MATalpha,MATalpha,4572,516,2118,182
J01,E01,E1,plate3,E,01,B04_a1.1_A02_1,1,0,0,SC37C,a1.1_A02,A02,3452,680,1195,264
J02,E01,E1,plate4,E,01,A04_a3_G12_1,1,0,0,SC37C,a3_G12,G12,2853,333,1651,111
J03,E02,E2,plate3,E,02,G03_a1.1_B12_1,1,0,0,SC37C,a1.1_B12,B12,4183,439,2127,112
J04,E02,E2,plate4,E,02,B04_a1.1_A02_1,1,0,0,SC37C,a1.1_A02,A02,2907,278,1834,45
J05,E03,E3,plate3,E,03,G03_a1.1_B12_1,1,0,0,SC37C,a1.1_B12,B12,6219,565,3429,102
J06,E03,E3,plate4,E,03,B04_a1.1_A02_1,1,0,0,SC37C,a1.1_A02,A02,2197,209,1606,48
J07,E04,E4,plate3,E,04,B04_a1.1_A02_1,1,0,0,SC37C,a1.1_A02,A02,3115,320,2119,89
J08,E04,E4,plate4,E,04,A04_a3_G12_1,1,0,0,SC37C,a3_G12,G12,2935,204,1327,74
J09,E05,E5,plate3,E,05,B04_a1.1_A02_1,1,0,0,SC37C,a1.1_A02,A02,2378,307,1557,152
J10,E05,E5,plate4,E,05,A04_a3_G12_1,1,0,0,SC37C,a3_G12,G12,2909,263,1075,46
J11,E06,E6,plate3,E,06,A04_a3_G12_1,1,0,0,SC37C,a3_G12,G12,4393,453,1893,163
J12,E06,E6,plate4,E,06,A06_a3_H07_1,1,0,0,SC37C,a3_H07,H07,2363,197,1087,24
J13,E07,E7,plate3,E,07,A04_a3_G12_1,1,0,0,SC37C,a3_G12,G12,3475,349,1530,80
J14,E07,E7,plate4,E,07,A06_a3_H07_1,1,0,0,SC37C,a3_H07,H07,3955,258,2090,62
J15,E08,E8,plate3,E,08,A06_a3_H07_1,1,0,0,SC37C,a3_H07,H07,4200,377,2117,50
J16,E08,E8,plate4,E,08,G03_a1.1_B12_1,1,0,0,SC37C,a1.1_B12,B12,2949,170,1454,33
J17,E09,E9,plate3,E,09,A06_a3_H07_1,1,0,0,SC37C,a3_H07,H07,3338,297,1405,82
J18,E09,E9,plate4,E,09,G03_a1.1_B12_1,1,0,0,SC37C,a1.1_B12,B12,2553,262,1502,35
J19,E10,E10,plate3,E,10,A06_a3_H07_1,1,0,0,SC37C,a3_H07,H07,3258,238,1470,42
J20,E10,E10,plate4,E,10,G03_a1.1_B12_1,1,0,0,SC37C,a1.1_B12,B12,1624,385,955,402
J21,E11,E11,plate3,E,11,MATalpha,0,1,1,SC37C,MATalpha,MATalpha,3207,273,1774,159
J22,E11,E11,plate4,E,11,MATalpha,0,1,1,SC37C,MATalpha,MATalpha,2557,177,1697,75
J23,E12,E12,plate3,E,12,MATalpha,0,1,1,SC37C,MATalpha,MATalpha,3445,313,2073,131
J24,E12,E12,plate4,E,12,MATalpha,0,1,1,SC37C,MATalpha,MATalpha,3246,289,2666,153
K01,F01,F1,plate1,F,01,A06_a3_H07_1,1,0,0,SC37C,a3_H07,H07,7668,1527,3102,325
K02,F01,F1,plate2,F,01,G03_a1.1_B12_1,1,0,0,SC37C,a1.1_B12,B12,4169,1360,1096,693
K03,F02,F2,plate1,F,02,A04_a3_G12_1,1,0,0,SC37C,a3_G12,G12,6489,1266,2625,384
K04,F02,F2,plate2,F,02,A06_a3_H07_1,1,0,0,SC37C,a3_H07,H07,5384,652,3169,138
K05,F03,F3,plate1,F,03,A04_a3_G12_1,1,0,0,SC37C,a3_G12,G12,7381,1314,3216,429
K06,F03,F3,plate2,F,03,A06_a3_H07_1,1,0,0,SC37C,a3_H07,H07,3582,644,2139,232
K07,F04,F4,plate1,F,04,A06_a3_H07_1,1,0,0,SC37C,a3_H07,H07,5064,927,1950,153
K08,F04,F4,plate2,F,04,G03_a1.1_B12_1,1,0,0,SC37C,a1.1_B12,B12,3999,540,1707,133
K09,F05,F5,plate1,F,05,A06_a3_H07_1,1,0,0,SC37C,a3_H07,H07,3709,894,1756,360
K10,F05,F5,plate2,F,05,G03_a1.1_B12_1,1,0,0,SC37C,a1.1_B12,B12,5269,630,3384,318
K11,F06,F6,plate1,F,06,G03_a1.1_B12_1,1,0,0,SC37C,a1.1_B12,B12,4860,731,2309,151
K12,F06,F6,plate2,F,06,B04_a1.1_A02_1,1,0,0,SC37C,a1.1_A02,A02,3318,608,1183,192
K13,F07,F7,plate1,F,07,G03_a1.1_B12_1,1,0,0,SC37C,a1.1_B12,B12,4578,1019,2335,437
K14,F07,F7,plate2,F,07,B04_a1.1_A02_1,1,0,0,SC37C,a1.1_A02,A02,5306,766,3041,166
K15,F08,F8,plate1,F,08,B04_a1.1_A02_1,1,0,0,SC37C,a1.1_A02,A02,4391,774,2983,413
K16,F08,F8,plate2,F,08,A04_a3_G12_1,1,0,0,SC37C,a3_G12,G12,4052,576,1871,126
K17,F09,F9,plate1,F,09,B04_a1.1_A02_1,1,0,0,SC37C,a1.1_A02,A02,4203,695,2174,275
K18,F09,F9,plate2,F,09,A04_a3_G12_1,1,0,0,SC37C,a3_G12,G12,4336,535,1367,71
K19,F10,F10,plate1,F,10,B04_a1.1_A02_1,1,0,0,SC37C,a1.1_A02,A02,4765,816,2495,337
K20,F10,F10,plate2,F,10,A04_a3_G12_1,1,0,0,SC37C,a3_G12,G12,4357,579,1998,148
K21,F11,F11,plate1,F,11,G03_a1.1_B12_1,0,1,0,SC37C,a1.1_B12,B12,4213,964,2118,734
K22,F11,F11,plate2,F,11,G03_a1.1_B12_1,0,1,0,SC37C,a1.1_B12,B12,3521,496,1411,303
K23,F12,F12,plate1,F,12,G03_a1.1_B12_1,0,1,0,SC37C,a1.1_B12,B12,5441,1217,3167,1173
K24,F12,F12,plate2,F,12,G03_a1.1_B12_1,0,1,0,SC37C,a1.1_B12,B12,4409,539,1879,374
L01,F01,F1,plate3,F,01,B04_a1.1_A02_1,1,0,0,SC37C,a1.1_A02,A02,4319,560,1820,148
L02,F01,F1,plate4,F,01,A04_a3_G12_1,1,0,0,SC37C,a3_G12,G12,3171,312,1234,58
L03,F02,F2,plate3,F,02,G03_a1.1_B12_1,1,0,0,SC37C,a1.1_B12,B12,3524,436,2524,91
L04,F02,F2,plate4,F,02,B04_a1.1_A02_1,1,0,0,SC37C,a1.1_A02,A02,2758,212,2684,27
L05,F03,F3,plate3,F,03,G03_a1.1_B12_1,1,0,0,SC37C,a1.1_B12,B12,3043,361,2822,122
L06,F03,F3,plate4,F,03,B04_a1.1_A02_1,1,0,0,SC37C,a1.1_A02,A02,4927,387,1697,60
L07,F04,F4,plate3,F,04,B04_a1.1_A02_1,1,0,0,SC37C,a1.1_A02,A02,4573,462,2064,76
L08,F04,F4,plate4,F,04,A04_a3_G12_1,1,0,0,SC37C,a3_G12,G12,2719,166,1272,54
L09,F05,F5,plate3,F,05,B04_a1.1_A02_1,1,0,0,SC37C,a1.1_A02,A02,3225,433,2534,186
L10,F05,F5,plate4,F,05,A04_a3_G12_1,1,0,0,SC37C,a3_G12,G12,3778,233,1415,26
L11,F06,F6,plate3,F,06,A04_a3_G12_1,1,0,0,SC37C,a3_G12,G12,4341,409,1739,145
L12,F06,F6,plate4,F,06,A06_a3_H07_1,1,0,0,SC37C,a3_H07,H07,2390,278,1055,57
L13,F07,F7,plate3,F,07,A04_a3_G12_1,1,0,0,SC37C,a3_G12,G12,3386,327,1599,71
L14,F07,F7,plate4,F,07,A06_a3_H07_1,1,0,0,SC37C,a3_H07,H07,2210,197,1052,47
L15,F08,F8,plate3,F,08,A06_a3_H07_1,1,0,0,SC37C,a3_H07,H07,2439,202,1766,53
L16,F08,F8,plate4,F,08,G03_a1.1_B12_1,1,0,0,SC37C,a1.1_B12,B12,3104,231,1402,27
L17,F09,F9,plate3,F,09,A06_a3_H07_1,1,0,0,SC37C,a3_H07,H07,4101,313,2224,91
L18,F09,F9,plate4,F,09,G03_a1.1_B12_1,1,0,0,SC37C,a1.1_B12,B12,3250,188,1589,17
L19,F10,F10,plate3,F,10,A06_a3_H07_1,1,0,0,SC37C,a3_H07,H07,4178,289,2046,52
L20,F10,F10,plate4,F,10,G03_a1.1_B12_1,1,0,0,SC37C,a1.1_B12,B12,3127,257,1747,38
L21,F11,F11,plate3,F,11,G03_a1.1_B12_1,0,1,0,SC37C,a1.1_B12,B12,1962,238,1579,182
L22,F11,F11,plate4,F,11,G03_a1.1_B12_1,0,1,0,SC37C,a1.1_B12,B12,20,1,14,1
L23,F12,F12,plate3,F,12,G03_a1.1_B12_1,0,1,0,SC37C,a1.1_B12,B12,3454,309,1710,254
L24,F12,F12,plate4,F,12,G03_a1.1_B12_1,0,1,0,SC37C,a1.1_B12,B12,24,0,88,0
M01,G01,G1,plate1,G,01,A06_a3_H07_1,1,0,0,SC37C,a3_H07,H07,4062,3406,2298,2022
M02,G01,G1,plate2,G,01,G03_a1.1_B12_1,1,0,0,SC37C,a1.1_B12,B12,7519,1110,2862,209
M03,G02,G2,plate1,G,02,A04_a3_G12_1,1,0,0,SC37C,a3_G12,G12,6324,1150,2940,523
M04,G02,G2,plate2,G,02,A06_a3_H07_1,1,0,0,SC37C,a3_H07,H07,3770,731,2146,198
M05,G03,G3,plate1,G,03,A04_a3_G12_1,1,0,0,SC37C,a3_G12,G12,6501,985,3023,239
M06,G03,G3,plate2,G,03,A06_a3_H07_1,1,0,0,SC37C,a3_H07,H07,4604,539,2832,186
M07,G04,G4,plate1,G,04,A06_a3_H07_1,1,0,0,SC37C,a3_H07,H07,4480,852,2839,277
M08,G04,G4,plate2,G,04,G03_a1.1_B12_1,1,0,0,SC37C,a1.1_B12,B12,5413,620,2879,153
M09,G05,G5,plate1,G,05,A06_a3_H07_1,1,0,0,SC37C,a3_H07,H07,5558,1166,2199,334
M10,G05,G5,plate2,G,05,G03_a1.1_B12_1,1,0,0,SC37C,a1.1_B12,B12,4287,447,2294,87
M11,G06,G6,plate1,G,06,G03_a1.1_B12_1,1,0,0,SC37C,a1.1_B12,B12,4559,592,3285,215
M12,G06,G6,plate2,G,06,B04_a1.1_A02_1,1,0,0,SC37C,a1.1_A02,A02,3771,500,1934,125
M13,G07,G7,plate1,G,07,G03_a1.1_B12_1,1,0,0,SC37C,a1.1_B12,B12,5891,850,3043,360
M14,G07,G7,plate2,G,07,B04_a1.1_A02_1,1,0,0,SC37C,a1.1_A02,A02,3777,809,1011,148
M15,G08,G8,plate1,G,08,B04_a1.1_A02_1,1,0,0,SC37C,a1.1_A02,A02,4083,579,3281,252
M16,G08,G8,plate2,G,08,A04_a3_G12_1,1,0,0,SC37C,a3_G12,G12,4344,560,1816,106
M17,G09,G9,plate1,G,09,B04_a1.1_A02_1,1,0,0,SC37C,a1.1_A02,A02,7386,1508,3088,551
M18,G09,G9,plate2,G,09,A04_a3_G12_1,1,0,0,SC37C,a3_G12,G12,4957,710,2315,228
M19,G10,G10,plate1,G,10,B04_a1.1_A02_1,1,0,0,SC37C,a1.1_A02,A02,4078,1131,2218,576
M20,G10,G10,plate2,G,10,A04_a3_G12_1,1,0,0,SC37C,a3_G12,G12,4814,825,1756,150
M21,G11,G11,plate1,G,11,B04_a1.1_A02_1,0,1,0,SC37C,a1.1_A02,A02,3950,617,2007,225
M22,G11,G11,plate2,G,11,B04_a1.1_A02_1,0,1,0,SC37C,a1.1_A02,A02,3130,345,1411,91
M23,G12,G12,plate1,G,12,B04_a1.1_A02_1,0,1,0,SC37C,a1.1_A02,A02,5645,647,2595,198
M24,G12,G12,plate2,G,12,B04_a1.1_A02_1,0,1,0,SC37C,a1.1_A02,A02,3949,356,2173,137
N01,G01,G1,plate3,G,01,B04_a1.1_A02_1,1,0,0,SC37C,a1.1_A02,A02,3850,596,1563,103
N02,G01,G1,plate4,G,01,A04_a3_G12_1,1,0,0,SC37C,a3_G12,G12,2814,359,1103,80
N03,G02,G2,plate3,G,02,G03_a1.1_B12_1,1,0,0,SC37C,a1.1_B12,B12,3900,656,2574,366
N04,G02,G2,plate4,G,02,B04_a1.1_A02_1,1,0,0,SC37C,a1.1_A02,A02,2565,286,1180,84
N05,G03,G3,plate3,G,03,G03_a1.1_B12_1,1,0,0,SC37C,a1.1_B12,B12,2993,487,1902,193
N06,G03,G3,plate4,G,03,B04_a1.1_A02_1,1,0,0,SC37C,a1.1_A02,A02,2301,228,1470,140
N07,G04,G4,plate3,G,04,B04_a1.1_A02_1,1,0,0,SC37C,a1.1_A02,A02,2790,390,1358,131
N08,G04,G4,plate4,G,04,A04_a3_G12_1,1,0,0,SC37C,a3_G12,G12,3105,262,1292,59
N09,G05,G5,plate3,G,05,B04_a1.1_A02_1,1,0,0,SC37C,a1.1_A02,A02,1969,425,1118,211
N10,G05,G5,plate4,G,05,A04_a3_G12_1,1,0,0,SC37C,a3_G12,G12,2677,226,966,52
N11,G06,G6,plate3,G,06,A04_a3_G12_1,1,0,0,SC37C,a3_G12,G12,3907,370,2242,80
N12,G06,G6,plate4,G,06,A06_a3_H07_1,1,0,0,SC37C,a3_H07,H07,2412,269,1160,64
N13,G07,G7,plate3,G,07,A04_a3_G12_1,1,0,0,SC37C,a3_G12,G12,4229,361,1977,123
N14,G07,G7,plate4,G,07,A06_a3_H07_1,1,0,0,SC37C,a3_H07,H07,3438,165,1556,27
N15,G08,G8,plate3,G,08,A06_a3_H07_1,1,0,0,SC37C,a3_H07,H07,2439,199,1331,43
N16,G08,G8,plate4,G,08,G03_a1.1_B12_1,1,0,0,SC37C,a1.1_B12,B12,3656,292,1511,29
N17,G09,G9,plate3,G,09,A06_a3_H07_1,1,0,0,SC37C,a3_H07,H07,3353,389,1534,112
N18,G09,G9,plate4,G,09,G03_a1.1_B12_1,1,0,0,SC37C,a1.1_B12,B12,3249,184,1563,29
N19,G10,G10,plate3,G,10,A06_a3_H07_1,1,0,0,SC37C,a3_H07,H07,1498,1171,885,826
N20,G10,G10,plate4,G,10,G03_a1.1_B12_1,1,0,0,SC37C,a1.1_B12,B12,3294,193,2324,44
N21,G11,G11,plate3,G,11,B04_a1.1_A02_1,0,1,0,SC37C,a1.1_A02,A02,2531,156,1759,34
N22,G11,G11,plate4,G,11,B04_a1.1_A02_1,0,1,0,SC37C,a1.1_A02,A02,15,0,11,0
N23,G12,G12,plate3,G,12,B04_a1.1_A02_1,0,1,0,SC37C,a1.1_A02,A02,2821,170,1305,30
N24,G12,G12,plate4,G,12,B04_a1.1_A02_1,0,1,0,SC37C,a1.1_A02,A02,2249,111,1718,46
O01,H01,H1,plate1,H,01,A06_a3_H07_1,1,0,0,SC37C,a3_H07,H07,6777,1819,2473,557
O02,H01,H1,plate2,H,01,G03_a1.1_B12_1,1,0,0,SC37C,a1.1_B12,B12,6000,1246,3190,275
O03,H02,H2,plate1,H,02,A04_a3_G12_1,1,0,0,SC37C,a3_G12,G12,7022,1394,4272,513
O04,H02,H2,plate2,H,02,A06_a3_H07_1,1,0,0,SC37C,a3_H07,H07,5880,1064,1781,122
O05,H03,H3,plate1,H,03,A04_a3_G12_1,1,0,0,SC37C,a3_G12,G12,7132,1519,3652,782
O06,H03,H3,plate2,H,03,A06_a3_H07_1,1,0,0,SC37C,a3_H07,H07,3928,652,2584,202
O07,H04,H4,plate1,H,04,A06_a3_H07_1,1,0,0,SC37C,a3_H07,H07,5470,851,4289,448
O08,H04,H4,plate2,H,04,G03_a1.1_B12_1,1,0,0,SC37C,a1.1_B12,B12,2489,451,1545,70
O09,H05,H5,plate1,H,05,A06_a3_H07_1,1,0,0,SC37C,a3_H07,H07,5859,1419,2910,613
O10,H05,H5,plate2,H,05,G03_a1.1_B12_1,1,0,0,SC37C,a1.1_B12,B12,5822,812,3829,538
O11,H06,H6,plate1,H,06,G03_a1.1_B12_1,1,0,0,SC37C,a1.1_B12,B12,5786,909,3219,559
O12,H06,H6,plate2,H,06,B04_a1.1_A02_1,1,0,0,SC37C,a1.1_A02,A02,3864,683,1992,219
O13,H07,H7,plate1,H,07,G03_a1.1_B12_1,1,0,0,SC37C,a1.1_B12,B12,8689,1661,3831,333
O14,H07,H7,plate2,H,07,B04_a1.1_A02_1,1,0,0,SC37C,a1.1_A02,A02,3950,933,1619,340
O15,H08,H8,plate1,H,08,B04_a1.1_A02_1,1,0,0,SC37C,a1.1_A02,A02,7051,1445,3361,516
O16,H08,H8,plate2,H,08,A04_a3_G12_1,1,0,0,SC37C,a3_G12,G12,5604,1026,2697,184
O17,H09,H9,plate1,H,09,B04_a1.1_A02_1,1,0,0,SC37C,a1.1_A02,A02,3793,889,2369,708
O18,H09,H9,plate2,H,09,A04_a3_G12_1,1,0,0,SC37C,a3_G12,G12,5558,1112,2243,306
O19,H10,H10,plate1,H,10,B04_a1.1_A02_1,1,0,0,SC37C,a1.1_A02,A02,5749,1667,2750,815
O20,H10,H10,plate2,H,10,A04_a3_G12_1,1,0,0,SC37C,a3_G12,G12,6031,847,2549,204
O21,H11,H11,plate1,H,11,BLANK,0,1,0,SC37C,BLANK,BLANK,4702,4517,2026,1879
O22,H11,H11,plate2,H,11,BLANK,0,1,0,SC37C,BLANK,BLANK,2927,2790,1087,983
O23,H12,H12,plate1,H,12,BLANK,0,1,0,SC37C,BLANK,BLANK,4974,4827,2290,2132
O24,H12,H12,plate2,H,12,BLANK,0,1,0,SC37C,BLANK,BLANK,3341,3208,1352,1239
P01,H01,H1,plate3,H,01,B04_a1.1_A02_1,1,0,0,SC37C,a1.1_A02,A02,4428,680,1476,122
P02,H01,H1,plate4,H,01,A04_a3_G12_1,1,0,0,SC37C,a3_G12,G12,2888,360,993,87
P03,H02,H2,plate3,H,02,G03_a1.1_B12_1,1,0,0,SC37C,a1.1_B12,B12,4336,787,1834,197
P04,H02,H2,plate4,H,02,B04_a1.1_A02_1,1,0,0,SC37C,a1.1_A02,A02,2498,314,1254,44
P05,H03,H3,plate3,H,03,G03_a1.1_B12_1,1,0,0,SC37C,a1.1_B12,B12,4169,557,2951,93
P06,H03,H3,plate4,H,03,B04_a1.1_A02_1,1,0,0,SC37C,a1.1_A02,A02,3185,345,2108,90
P07,H04,H4,plate3,H,04,B04_a1.1_A02_1,1,0,0,SC37C,a1.1_A02,A02,5077,725,1721,244
P08,H04,H4,plate4,H,04,A04_a3_G12_1,1,0,0,SC37C,a3_G12,G12,3506,279,1882,80
P09,H05,H5,plate3,H,05,B04_a1.1_A02_1,1,0,0,SC37C,a1.1_A02,A02,2841,355,1819,151
P10,H05,H5,plate4,H,05,A04_a3_G12_1,1,0,0,SC37C,a3_G12,G12,3373,243,2584,120
P11,H06,H6,plate3,H,06,A04_a3_G12_1,1,0,0,SC37C,a3_G12,G12,3936,416,2052,195
P12,H06,H6,plate4,H,06,A06_a3_H07_1,1,0,0,SC37C,a3_H07,H07,3586,239,1402,30
P13,H07,H7,plate3,H,07,A04_a3_G12_1,1,0,0,SC37C,a3_G12,G12,4544,558,1822,115
P14,H07,H7,plate4,H,07,A06_a3_H07_1,1,0,0,SC37C,a3_H07,H07,3671,253,1811,68
P15,H08,H8,plate3,H,08,A06_a3_H07_1,1,0,0,SC37C,a3_H07,H07,4012,382,2211,74
P16,H08,H8,plate4,H,08,G03_a1.1_B12_1,1,0,0,SC37C,a1.1_B12,B12,3558,413,1945,91
P17,H09,H9,plate3,H,09,A06_a3_H07_1,1,0,0,SC37C,a3_H07,H07,4307,571,1749,85
P18,H09,H9,plate4,H,09,G03_a1.1_B12_1,1,0,0,SC37C,a1.1_B12,B12,3832,228,2396,40
P19,H10,H10,plate3,H,10,A06_a3_H07_1,1,0,0,SC37C,a3_H07,H07,3758,587,1649,143
P20,H10,H10,plate4,H,10,G03_a1.1_B12_1,1,0,0,SC37C,a1.1_B12,B12,3971,333,1895,48
P21,H11,H11,plate3,H,11,BLANK,0,1,0,SC37C,BLANK,BLANK,2027,1913,974,887
P22,H11,H11,plate4,H,11,BLANK,0,1,0,SC37C,BLANK,BLANK,1442,1355,1044,945
P23,H12,H12,plate3,H,12,BLANK,0,1,0,SC37C,BLANK,BLANK,2570,2452,896,795
P24,H12,H12,plate4,H,12,BLANK,0,1,0,SC37C,BLANK,BLANK,1989,1878,1127,1001
